DROP DATABASE IF EXISTS filmXtra;
CREATE DATABASE filmXtra;

USE filmXtra;

CREATE TABLE actor(
id INT UNSIGNED AUTO_INCREMENT,
pais VARCHAR(60) NOT NULL DEFAULT 'Apatrida',
fecha_nac DATE NOT NULL,
nombre VARCHAR(60) NOT NULL UNIQUE,
fecha_def DATE DEFAULT NULL,
nombre_real VARCHAR(60) NOT NULL DEFAULT 'Desconocido',
CONSTRAINT actor_pk PRIMARY KEY(id)
)ENGINE=InnoDB DEFAULT CHARSET=utf8mb4 COLLATE=utf8mb4_unicode_ci;


CREATE TABLE genero(
id ENUM('Pelicula de culto', 'Accion', 'Animacion', 'Aventuras', 'Belico', 'Ciencia Ficcion', 'Cine Negro', 'Comedia', 'Documental','Drama', 'Fantastico', 'Infantil', 'Intriga','Musical', 'Romance', 'Serie de TV', 'Terror','Thriller', 'Western', 'Deportiva', 'Historica', 'Crimen', 'Policiaca', 'Religiosa', 'Cine mudo', 'Biografico', 'Erotico', 'Experimental', 'Propagandistico', 'Serie B', 'Road Movie', 'Cortometraje'), 
CONSTRAINT genero_pk PRIMARY KEY(id)
)ENGINE=InnoDB DEFAULT CHARSET=utf8mb4 COLLATE=utf8mb4_unicode_ci;

CREATE TABLE poster(
id INT UNSIGNED AUTO_INCREMENT,
ruta VARCHAR(254) NOT NULL,
alt VARCHAR(1000) DEFAULT 'Poster de la película',
CONSTRAINT poster_pk PRIMARY KEY(id)
)ENGINE=InnoDB DEFAULT CHARSET=utf8mb4 COLLATE=utf8mb4_unicode_ci;

CREATE TABLE obra_cine(
id INT UNSIGNED AUTO_INCREMENT,
titulo VARCHAR(200) NOT NULL,
titulo_original VARCHAR(200) NOT NULL,
pais VARCHAR(60) NOT NULL,
duracion NUMERIC(3) NOT NULL,
sinopsis TEXT NOT NULL,
año YEAR DEFAULT '1901',
productora VARCHAR(100) NOT NULL DEFAULT '-',
poster INT UNSIGNED DEFAULT NULL,
CONSTRAINT obra_cine_fk_poster FOREIGN KEY (poster) REFERENCES poster(id),
CONSTRAINT obra_cine_pk PRIMARY KEY(id)
)ENGINE=InnoDB DEFAULT CHARSET=utf8mb4 COLLATE=utf8mb4_unicode_ci;

CREATE TABLE medio(
id INT UNSIGNED AUTO_INCREMENT,
web VARCHAR(100) NOT NULL DEFAULT 'desconocida' UNIQUE,
CONSTRAINT medio_pk PRIMARY KEY(id)
)ENGINE=InnoDB DEFAULT CHARSET=utf8mb4 COLLATE=utf8mb4_unicode_ci;

CREATE TABLE personaje(
id INT UNSIGNED AUTO_INCREMENT,
orden ENUM('Principal', 'Secundario', 'Terciario'),
nombre VARCHAR(100) NOT NULL,
CONSTRAINT personaje_pk PRIMARY KEY(id)
)ENGINE=InnoDB DEFAULT CHARSET=utf8mb4 COLLATE=utf8mb4_unicode_ci;

CREATE TABLE director(
id INT UNSIGNED AUTO_INCREMENT,
pais VARCHAR(60) NOT NULL DEFAULT 'Apatrida',
fecha_nac DATE DEFAULT '1888-10-14',
nombre VARCHAR(60) NOT NULL UNIQUE,
fecha_def DATE DEFAULT NULL,
CONSTRAINT director_pk PRIMARY KEY(id)
)ENGINE=InnoDB DEFAULT CHARSET=utf8mb4 COLLATE=utf8mb4_unicode_ci;

CREATE TABLE festival(
id INT UNSIGNED AUTO_INCREMENT,  
año YEAR NOT NULL,
nombre VARCHAR(60) NOT NULL,
mejor_pelicula INT UNSIGNED NOT NULL,
CONSTRAINT festival_fk_obra_cine FOREIGN KEY(mejor_pelicula) REFERENCES obra_cine(id) ON DELETE CASCADE,
CONSTRAINT uc_nombre_mejor_pelicula_año UNIQUE (nombre, mejor_pelicula, año),
CONSTRAINT festival_pk PRIMARY KEY (id)
)ENGINE=InnoDB DEFAULT CHARSET=utf8mb4 COLLATE=utf8mb4_unicode_ci;

CREATE TABLE usuario(
id INT UNSIGNED AUTO_INCREMENT,
nombre VARCHAR(100) NOT NULL,
apellido VARCHAR(100) NOT NULL,
contraseña VARCHAR(254) NOT NULL UNIQUE,
edad DATE DEFAULT '2000-01-01' NOT NULL,
email VARCHAR(100) NOT NULL UNIQUE,
pais VARCHAR(60) NOT NULL,
creado DATETIME DEFAULT CURRENT_TIMESTAMP,
modificado DATETIME DEFAULT CURRENT_TIMESTAMP,
CONSTRAINT usuario_pk PRIMARY KEY(id)
)ENGINE=InnoDB DEFAULT CHARSET=utf8mb4 COLLATE=utf8mb4_unicode_ci;

CREATE TABLE tiene(
genero ENUM('Pelicula de culto', 'Accion', 'Animacion', 'Aventuras', 'Belico', 'Ciencia Ficcion', 'Cine Negro', 'Comedia', 'Documental','Drama', 'Fantastico', 'Infantil', 'Intriga','Musical', 'Romance', 'Serie de TV', 'Terror','Thriller', 'Western', 'Deportiva', 'Historica', 'Crimen', 'Policiaca', 'Religiosa', 'Cine mudo', 'Biografico', 'Erotico', 'Experimental', 'Propagandistico', 'Serie B', 'Road Movie', 'Cortometraje') NOT NULL,
CONSTRAINT tiene_fk_genero FOREIGN KEY(genero) REFERENCES genero(id),
obra_cine INT UNSIGNED,
CONSTRAINT tiene_fk_obra_cine FOREIGN KEY(obra_cine) REFERENCES obra_cine(id) ON DELETE CASCADE,
CONSTRAINT tiene_pk PRIMARY KEY(genero, obra_cine)
)ENGINE=InnoDB DEFAULT CHARSET=utf8mb4 COLLATE=utf8mb4_unicode_ci;

CREATE TABLE creada_con_1(
personaje INT UNSIGNED,
actor INT UNSIGNED,
CONSTRAINT creada_con_1_fk_personaje FOREIGN KEY(personaje) REFERENCES personaje(id),
CONSTRAINT creada_con_1_fk_actor FOREIGN KEY(actor) REFERENCES actor(id),
CONSTRAINT creada_con_1_pk PRIMARY KEY(personaje, actor)
)ENGINE=InnoDB DEFAULT CHARSET=utf8mb4 COLLATE=utf8mb4_unicode_ci;

CREATE TABLE creada_con_2(
personaje INT UNSIGNED,
obra_cine INT UNSIGNED,
CONSTRAINT creada_con_2_fk_personaje FOREIGN KEY(personaje) REFERENCES personaje(id),
CONSTRAINT creada_con_2_fk_obra_cine FOREIGN KEY(obra_cine) REFERENCES obra_cine(id),
CONSTRAINT creada_con_2_pk PRIMARY KEY(personaje, obra_cine)
)ENGINE=InnoDB DEFAULT CHARSET=utf8mb4 COLLATE=utf8mb4_unicode_ci;

CREATE TABLE dirigida(
director INT UNSIGNED,
obra_cine INT UNSIGNED,
CONSTRAINT dirigida_fk_director FOREIGN KEY(director) REFERENCES director(id),
CONSTRAINT dirigida_fk_obra_cine FOREIGN KEY(obra_cine) REFERENCES obra_cine(id) ON DELETE CASCADE,
CONSTRAINT dirigida_pk PRIMARY KEY(director, obra_cine)
)ENGINE=InnoDB DEFAULT CHARSET=utf8mb4 COLLATE=utf8mb4_unicode_ci;

CREATE TABLE critica_profesional(
id INT UNSIGNED AUTO_INCREMENT,
contenido TEXT NOT NULL,
autor VARCHAR(50) NOT NULL,
medio INT UNSIGNED,
obra_cine INT UNSIGNED NOT NULL,
CONSTRAINT critica_profesional_fk_medio FOREIGN KEY (medio) REFERENCES medio(id),
CONSTRAINT citica_profesional_fk_obra_cine FOREIGN KEY(obra_cine) REFERENCES obra_cine(id) ON DELETE CASCADE,
CONSTRAINT critica_profesional_pk PRIMARY KEY(id)
)ENGINE=InnoDB DEFAULT CHARSET=utf8mb4 COLLATE=utf8mb4_unicode_ci;

CREATE TABLE secuelas(
id INT UNSIGNED AUTO_INCREMENT,
obra_cine INT UNSIGNED NOT NULL,
saga VARCHAR(200) NOT NULL,
orden INT UNSIGNED DEFAULT 1,
num_pelis INT UNSIGNED,
CONSTRAINT secuelas_pk PRIMARY KEY(id),
CONSTRAINT secuelas_fk_obra_cine FOREIGN KEY(obra_cine) REFERENCES obra_cine(id) ON DELETE CASCADE
)ENGINE=InnoDB DEFAULT CHARSET=utf8mb4 COLLATE=utf8mb4_unicode_ci;
-- orden = 0 significa que no forma parte del orden, posiblemente spin-off --

CREATE TABLE critica(
id INT UNSIGNED AUTO_INCREMENT,
obra_cine INT UNSIGNED NOT NULL,
usuario INT UNSIGNED NOT NULL,
critica TEXT NOT NULL,
creada DATETIME DEFAULT CURRENT_TIMESTAMP,
CONSTRAINT critica_fk_obra_cine FOREIGN KEY(obra_cine) REFERENCES obra_cine(id) ON DELETE CASCADE,
CONSTRAINT critica_fk_usuario FOREIGN KEY(usuario) REFERENCES usuario(id),
CONSTRAINT uc_critica_obra_usuario UNIQUE (obra_cine , usuario),
CONSTRAINT critica_pk PRIMARY KEY (id)
)ENGINE=InnoDB DEFAULT CHARSET=utf8mb4 COLLATE=utf8mb4_unicode_ci;

CREATE TABLE evaluacion(
id INT UNSIGNED AUTO_INCREMENT,
evaluacion NUMERIC (2,1) NOT NULL,
obra_cine INT UNSIGNED NOT NULL,
usuario INT UNSIGNED NOT NULL,
CONSTRAINT evaluacion_fk_usuario FOREIGN KEY(usuario) REFERENCES usuario(id),
CONSTRAINT evaluacion_fk_obra_cine FOREIGN KEY(obra_cine) REFERENCES obra_cine(id) ON DELETE CASCADE,
CONSTRAINT uc_evalucion_obra_usuario UNIQUE (obra_cine, usuario),
CONSTRAINT evaluacion_pk PRIMARY KEY (id)
)ENGINE=InnoDB DEFAULT CHARSET=utf8mb4 COLLATE=utf8mb4_unicode_ci;

CREATE TABLE likes(
usuario INT UNSIGNED,
critica INT UNSIGNED,
CONSTRAINT likes_fk_usuario FOREIGN KEY (usuario) REFERENCES usuario(id),
CONSTRAINT likes_fk_critica FOREIGN KEY (critica) REFERENCES critica(id) ON DELETE CASCADE,
CONSTRAINT likes_pk PRIMARY KEY(usuario, critica)
)ENGINE=InnoDB DEFAULT CHARSET=utf8mb4 COLLATE=utf8mb4_unicode_ci;




INSERT INTO actor (pais, fecha_nac, nombre, fecha_def, nombre_real) VALUES ('ESTADOS UNIDOS DE AMERICA', '1974-11-11', 'Dicaprio, Leonardo', NULL, 'DiCaprio, Leonardo Wilhelm'), ('ESTADOS UNIDOS DE AMERICA', '1970-04-29', 'Thurman, Uma', NULL, 'Thurman, Uma Karuna'), ('ESTADOS UNIDOS DE AMERICA', '1954-12-28', 'Washington, Denzel', NULL, 'Hayes Washington Jr., Denzel'), ('REINO UNIDO', '1977-09-15', 'Hardy, Tom', NULL, 'Hardy, Edward Thomas'), ('ESTADOS UNIDOS DE AMERICA', '1957-06-23', 'McDormand, Frances', NULL, 'Louise McDormand, Frances'), ('PUERTO RICO', '1974-10-28', 'Phoenix, Joaquim', NULL, 'Bottom, Joaquin Rafael'), ('ITALIA', '1974-08-20', 'Adams, Amy', NULL, 'Adams, Amy Lou'), ('AUSTRALIA', '1969-05-14', 'Blanchett, Cate', NULL, 'Blanchett, Catherine Elise'), ('REINO UNIDO', '1974-01-30', 'Bale, Christian', NULL, 'Philip Bale, Christian Charles'), ('ESTADOS UNIDOS DE AMERICA', '1977-03-24', 'Chastain, Jessica', NULL, 'Chastain, Jessica Michelle'), ('AUSTRALIA', '1968-10-12', 'Jackman, Hugh', NULL, 'Jackman, Hugh Michael'), ('ESTADOS UNIDOS DE AMERICA', '1988-11-06', 'Stone, Emma', NULL, 'Stone, Emily Jean'), ('ESTADOS UNIDOS DE AMERICA', '1994-04-12', 'Ronan, Saoirse', NULL, 'Ronan, Saoirse Una'), ('ESPAÑA', '1969-03-01', 'Bardem, Javier', NULL, 'Encinas Bardem, Javier Ángel'), ('ISRAEL', '1981-06-09', 'Portman, Natalie', NULL, 'Hershlag, Natalie'), ('REINO UNIDO', '1972-09-06', 'Elba, Idris', NULL, 'Akuna Elba, Idrissa'), ('PUERTO RICO', '1967-02-19', 'Del Toro, Benicio', NULL, 'Del Toro Sanchez, Benicio Monserrate Rafael'), ('ESTADOS UNIDOS DE AMERICA', '1960-12-03', 'Moore, Julianne', NULL, 'Smith, Julie Anne'), ('ESTADOS UNIDOS DE AMERICA', '1990-08-15', 'Lawrence, Jennifer', NULL, 'Shrader Lawrence, Jennifer'), ('AUSTRALIA', '1990-07-02', 'Robbie, Margot', NULL, 'Robbie, Margot Elise'), ('ESTADOS UNIDOS DE AMERICA', '1967-06-20', 'Kidman, Nicole', NULL, 'Kidman, Nicole Mary'), ('SUDAFRICA', '1975-08-07', 'Theron, Charlize', NULL, 'Theron, Charlize '), ('ESTADOS UNIDOS DE AMERICA', '1965-04-04', 'Downey Jr., Robert', NULL, 'Downey Jr., Robert John '), ('ESTADOS UNIDOS DE AMERICA', '1967-11-22', 'Ruffalo, Mark', NULL, 'Ruffalo, Mark Alan'), ('ESTADOS UNIDOS DE AMERICA', '1948-12-21', 'Jackson, Samuel L.', NULL, 'Jackson, Samuel Leroy'), ('SUECIA', '1988-10-03', 'Vikander, Alicia', NULL, 'Vikander, Alicia Amanda'), ('REINO UNIDO', '1975-10-05', 'Winslet, Kate', NULL, 'Winslet, Kate Elizabeth'), ('ESTADOS UNIDOS DE AMERICA', '1951-09-05', 'Keaton, Michael', NULL, 'Douglas, Michael John'), ('ESTADOS UNIDOS DE AMERICA', '1966-04-08', 'Wright, Robin', NULL, 'Gayle Wright, Robin Virginia'), ('ESTADOS UNIDOS DE AMERICA', '1970-10-08', 'Damon, Matt', NULL, 'Damon,  Matthew Paige'), ('ESTADOS UNIDOS DE AMERICA', '1976-03-22', 'Witherspoon, Reese', NULL, 'Reese Witherspoon, Laura Jeanne'), ('LIBANO', '1964-09-02', 'Reeves, Keanu', NULL, 'Reeves, Keanu Charles'), ('ESTADOS UNIDOS DE AMERICA', '1961-07-30', 'Fishburne, Lawrence', NULL, 'Fishburne III, Laurence John'), ('NIGERIA', '1960-04-04', 'Weaving, Hugo', NULL, 'Weaving, Hugo Wallace'), ('CANADA', '1967-08-21', 'Moss, Carrie-Anne', NULL, 'Moss, Carrie-Anne'), ('ESTADOS UNIDOS DE AMERICA', '1933-09-29', 'Foster, Gloria', '2001-09-29', 'Foster, Gloria'), ('ESTADOS UNIDOS DE AMERICA', '1951-09-12', 'Pantoliano, Joe', NULL, 'Pantoliano, Joseph Peter'), ('ESTADOS UNIDOS DE AMERICA', '1981-01-28', 'Wood, Elijah', NULL, 'Wood, Elijah Jordan'), ('REINO UNIDO', '1939-05-25', 'McKellen, Ian', NULL, 'McKellen, Ian Murray'), ('REINO UNIDO', '1977-01-13', 'Bloom, Orlando', NULL, 'Blanchard Copeland Bloom, Orlando Jonathan'), ('REINO UNIDO', '1959-04-17', 'Bean, Sean', NULL, 'Bean, Shaun Mark'), ('ESTADOS UNIDOS DE AMERICA', '1971-02-25', 'Astin, Sean', NULL, 'Duke, Sean Patrick'), ('REINO UNIDO', '1968-08-28', 'Billy, Boyd', NULL, 'Boyd, William Nathan'), ('AUSTRALIA', '1979-04-04', 'Ledger, Heath', '2008-01-22', 'Ledger, Heath Andrew'), ('ESTADOS UNIDOS DE AMERICA', '1956-01-03', 'Gibson, Mel', NULL, 'Gerard Gibson, Mel Columcille'), ('AUSTRALIA', '1957-08-05', 'Samuel, Joanne', NULL, 'Samuel, Joanne'), ('AUSTRALIA', '1951-12-26', 'Bisley, Steve', NULL, 'Bisley, Stephen'), ('NUEVA ZELANDA', '1945-09-17', 'Spence, Bruce', NULL, 'Spence, Bruce'), ('REINO UNIDO', '1938-05-14', 'Preston, Michael', NULL, 'Preston, Michael'), ('ESTADOS UNIDOS DE AMERICA', '1939-11-26', 'Turner, Tina', NULL, 'Bullock, Anna Mae'), ('ESTADOS UNIDOS DE AMERICA', '1951-09-25', 'Hamill, Mark', NULL, 'Hamill, Mark Richard'), ('ESTADOS UNIDOS DE AMERICA', '1942-07-13', 'Ford, Harrison', NULL, 'Harrison, Ford'), ('ESTADOS UNIDOS DE AMERICA', '1956-10-21', 'Fisher, Carrie', '2016-12-27', 'Fisher, Carrie Frances'), ('REINO UNIDO', '1914-04-02', 'Guinness, Alec', '2000-08-05', 'Guinness Du Cuffe, Alec'), ('REINO UNIDO', '1944-05-25', 'Oz, Frank', NULL, 'Oznowicz, Frank Richard'), ('ESTADOS UNIDOS DE AMERICA', '1937-04-06', 'Williams, Billy Dee', NULL, 'Williams, William December'), ('REINO UNIDO', '1952-06-07', 'Neeson, Liam', NULL, 'Neeson, William John'), ('REINO UNIDO', '1971-03-31', 'McGregor, Ewan', NULL, 'McGregor, Ewan Gordon'), ('ESTADOS UNIDOS DE AMERICA', '1989-03-05', 'Lloyd, Jake', NULL, 'Lloyd, Jake Matthew'), ('CANADA', '1981-04-19', 'Christensen, Hayden', NULL, 'Christensen, Hayden'), ('ESTADOS UNIDOS DE AMERICA', '1955-07-09', 'Smits, Jimmy', NULL, 'Smits, Jimmy L.'), ('REINO UNIDO', '1934-08-24', 'Baker, Kenny', '2016-08-13', 'Baker, Kenneth George'), ('REINO UNIDO', '1992-04-10', 'Ridley, Daisy', NULL, 'Ridley, Daisy Jazz Isobel'), ('REINO UNIDO', '1992-03-17', 'Boyega, John', NULL, 'Adegboyega, John Adedayo'), ('REINO UNIDO', '1983-10-17', 'Jones, Felicity', NULL, ' Hadley Jones, Felicity Rose'), ('MEXICO', '1979-12-29', 'Luna, Diego', NULL, 'Alexander Luna, Diego'), ('ESTADOS UNIDOS DE AMERICA', '1989-11-22', 'Ehrenreich, Alden', NULL, 'Ehrenreich, Alden'), ('REINO UNIDO', '1986-10-23', 'Clarke, Emilia', NULL, 'Clarke, Emilia Isobel Euphemia Rose'), ('ESTADOS UNIDOS DE AMERICA', '1951-10-05', 'Allen, Karen', NULL, 'Allen, Karen Jane'), ('ESTADOS UNIDOS DE AMERICA', '1953-11-03', 'Capshaw, Kate', NULL, 'Nail, Kathleen Sue'), ('VIETNAM', '1971-08-20', 'Huy Quan, Ke', NULL, 'Huy-Quan, Ke'), ('REINO UNIDO', '1930-08-25', 'Connery, Sean', '2020-10-31', 'Connery, Thomas Sean'), ('ESTADOS UNIDOS DE AMERICA', '1986-06-11', 'LaBeouf, Shia', NULL, 'LaBeouf, Shia Saide'), ('REINO UNIDO', '1989-07-23', 'Radcliffe, Daniel', NULL, 'Radcliffe, Daniel Jacob'), ('REINO UNIDO', '1988-08-24', 'Grint, Rupert', NULL, 'Lloyd Grint, Rupert Alexander'), ('FRANCIA', '1990-04-15', 'Watson, Emma', NULL, 'Duerre Watson, Emma Charlotte'), ('REINO UNIDO', '1950-03-30', 'Coltrane, Robbie', NULL, 'McMillan, Anthony Robert'), ('REINO UNIDO', '1960-12-10', 'Branagh, Kenneth', NULL, 'Branagh, Kenneth Charles'), ('REINO UNIDO', '1963-03-20', 'Thewlis, David', NULL, 'Wheeler, David'), ('REINO UNIDO', '1946-02-21', 'Rickman, Alan', '2016-01-14', 'Rickman, Alan Sidney Patrick'), ('REINO UNIDO', '1956-01-09', 'Stauton, Imelda', NULL, 'Stauton, Imelda Mary Philomena Bernadette'), ('REINO UNIDO', '1949-05-24', 'Broadbent, Jim', NULL, 'Broadbent, James'), ('REINO UNIDO', '1962-12-22', 'Fiennes, Ralph', NULL, 'Twisleton-Wykeham-Fiennes, Ralph Nathaniel'), ('REINO UNIDO', '1966-05-26', 'Carter, Helena Bonham', NULL, 'Carter, Helena Bonham'), ('ALEMANIA', '1884-06-23', 'Krauss, Werner', '1959-10-20', 'Krauss, Werner'), ('ESTADOS UNIDOS DE AMERICA', '1880-03-21', 'Anderson, Gilbert M.  "Bronco Billy"', '1971-01-20', 'Aronson, Maxwell Henry'), ('IMPERIO RUSO(RUSIA)', '1898-02-13', 'Antonov, Aleksandr', '1962-11-23', 'Antonov, Aleksandr Pavlovich'), ('ESPAÑA', '1904-04-11', 'Dali, Salvador', '1989-01-23', 'Dalí y Domenech, Salvador Felipe Jacinto'), ('ESTADOS UNIDOS DE AMERICA', '1890-10-02', 'Marx, Groucho', '1977-08-19', 'Marx, Julius Henry'), ('ITALIA', '1933-04-09', 'Volonte, Gian Maria', '1994-12-06', 'Volonte, Gian Maria'), ('ESTADOS UNIDOS DE AMERICA', '1930-05-31', 'Eastwood, Clint', NULL, 'Eastwood Jr., Clinton'), ('ESTADOS UNIDOS DE AMERICA', '1925-01-09', 'Van Cleef, Lee', '1989-12-14', 'Van Cleef Jr., Clarence LeRoy');



INSERT INTO genero VALUES ('Pelicula de culto'), ('Accion'), ('Animacion'), ('Aventuras'), ('Belico'), ('Ciencia Ficcion'), ('Cine Negro'), ('Comedia'), ('Documental'), ('Drama'), ('Fantastico'), ('Infantil'), ('Intriga'), ('Musical'), ('Romance'), ('Serie de TV'), ('Terror'), ('Thriller'), ('Western'), ('Deportiva'), ('Historica'), ('Crimen'), ('Policiaca'), ('Religiosa'), ('Cine mudo'), ('Biografico'), ('Erotico'), ('Experimental'), ('Propagandistico'), ('Serie B'), ('Road Movie'), ('Cortometraje');



INSERT INTO obra_cine (`titulo`, `titulo_original`, `pais`, `duracion`, `sinopsis`, `año`, `productora`) VALUES ('Cadena Perpetua', 'The Shawshank Redemption', 'ESTADOS UNIDOS DE AMERICA', 142, 'Acusado del asesinato de su mujer, Andrew Dufresne (Tim Robbins), tras ser condenado a cadena perpetua, es enviado a la cárcel de Shawshank. Con el paso de los años conseguirá ganarse la confianza del director del centro y el respeto de sus compañeros de prisión, especialmente de Red (Morgan Freeman), el jefe de la mafia de los sobornos.', '1994', 'Castle Rock Entertainment'), ('El Padrino', 'The Godfather', 'ESTADOS UNIDOS DE AMERICA', 175, 'América, años 40. Don Vito Corleone (Marlon Brando) es el respetado y temido jefe de una de las cinco familias de la mafia de Nueva York. Tiene cuatro hijos: Connie (Talia Shire), el impulsivo Sonny (James Caan), el pusilánime Fredo (John Cazale) y Michael (Al Pacino), que no quiere saber nada de los negocios de su padre. Cuando Corleone, en contra de los consejos de Il consigliere Tom Hagen (Robert Duvall), se niega a participar en el negocio de las drogas, el jefe de otra banda ordena su asesinato. Empieza entonces una violenta y cruenta guerra entre las familias mafiosas.', '1972', 'Paramount Pictures'), ('Batman Begins', 'Batman Begins', 'ESTADOS UNIDOS DE AMERICA', 140, 'Nueva adaptación del famoso cómic. Narra los orígenes de la leyenda de Batman y los motivos que lo convirtieron en el representante del Bien en la ciudad de Gotham. Bruce Wayne vive obsesionado con el recuerdo de sus padres, muertos a tiros en su presencia. Atormentado por el dolor, se va de Gotham y recorre el mundo hasta que encuentra a un extraño personaje que lo adiestra en todas las disciplinas físicas y mentales que le servirán para combatir el Mal. Por esta razón, la Liga de las Sombras, una poderosa y subversiva sociedad secreta, dirigida por el enigmático Ras Al Ghul, intenta reclutarlo. Cuando Bruce vuelve a Gotham, la ciudad está dominada por el crimen y la corrupción. Con la ayuda de su leal mayordomo Alfred, del detective de la policía Jim Gordon y de Lucius Fox, su colega en una Sociedad de Ciencias Aplicadas, Wayne libera a su alter ego: Batman, un justiciero enmascarado que utiliza la fuerza, la inteligencia y la más alta tecnología para luchar contra las siniestras fuerzas que amenazan con destruir la ciudad.', '2005', 'Legendary Pictures'), ('El caballero oscuro', 'The Dark Knight', 'ESTADOS UNIDOS DE AMERICA', 152, 'Batman (Christian Bale) regresa para continuar su guerra contra el crimen. Con la ayuda del teniente Jim Gordon (Gary Oldman) y del Fiscal del Distrito Harvey Dent (Aaron Eckhart), Batman se propone destruir el crimen organizado en la ciudad de Gotham. El triunvirato demuestra su eficacia, pero, de repente, aparece Joker (Heath Ledger), un nuevo criminal que desencadena el caos y tiene aterrados a los ciudadanos.', '2008', 'Warner Bros.'), ('El caballero oscuro: La leyenda renace', 'The Dark Knight Rises', 'ESTADOS UNIDOS DE AMERICA', 164, 'Hace ocho años que Batman desapareció, dejando de ser un héroe para convertirse en un fugitivo. Al asumir la culpa por la muerte del fiscal del distrito Harvey Dent, el Caballero Oscuro decidió sacrificarlo todo por lo que consideraba, al igual que el Comisario Gordon, un bien mayor. La mentira funciona durante un tiempo, ya que la actividad criminal de la ciudad de Gotham se ve aplacada gracias a la dura Ley Dent. Pero todo cambia con la llegada de una astuta gata ladrona que pretende llevar a cabo un misterioso plan. Sin embargo, mucho más peligrosa es la aparición en escena de Bane, un terrorista enmascarado cuyos despiadados planes obligan a Bruce a regresar de su voluntario exilio.', '2012', 'DC Entertainment'), ('El señor de los anillos: La comunidad del anillo', 'The Lord of the Rings: The Fellowship of the Ring', 'NUEVA ZELANDA', 180, 'En la Tierra Media, el Señor Oscuro Sauron ordenó a los Elfos que forjaran los Grandes Anillos de Poder. Tres para los reyes Elfos, siete para los Señores Enanos, y nueve para los Hombres Mortales. Pero Saurón también forjó, en secreto, el Anillo Único, que tiene el poder de esclavizar toda la Tierra Media. Con la ayuda de sus amigos y de valientes aliados, el joven hobbit Frodo emprende un peligroso viaje con la misión de destruir el Anillo Único. Pero el malvado Sauron ordena la persecución del grupo, compuesto por Frodo y sus leales amigos hobbits, un mago, un hombre, un elfo y un enano. La misión es casi suicida pero necesaria, pues si Sauron con su ejército de orcos lograra recuperar el Anillo, sería el final de la Tierra Media.', '2001', 'Wingnut Films'), ('El señor de los anillos: Las dos torres', 'The Lord of the Rings: The Two Towers', 'NUEVA ZELANDA', 179, 'Tras la disolución de la Compañía del Anillo, Frodo y su fiel amigo Sam se dirigen hacia Mordor para destruir el Anillo Único y acabar con el poder de Sauron, pero les sigue un siniestro personaje llamado Gollum. Mientras, y tras la dura batalla contra los orcos donde cayó Boromir, el hombre Aragorn, el elfo Legolas y el enano Gimli intentan rescatar a los medianos Merry y Pipin, secuestrados por los orcos de Mordor. Por su parte, Saurón y el traidor Sarumán continúan con sus planes en Mordor, a la espera de la guerra contra las razas libres de la Tierra Media.', '2002', 'Wingnut Films'), ('El señor de los anillos: El retorno del rey', 'The Lord of the Rings: The Return of the King', 'NUEVA ZELANDA', 201, 'Las fuerzas de Saruman han sido destruidas, y su fortaleza sitiada. Ha llegado el momento de decidir el destino de la Tierra Media, y, por primera vez, parece que hay una pequeña esperanza. El interés del señor oscuro Sauron se centra ahora en Gondor, el último reducto de los hombres, cuyo trono será reclamado por Aragorn. Sauron se dispone a lanzar un ataque decisivo contra Gondor. Mientras tanto, Frodo y Sam continuan su camino hacia Mordor, con la esperanza de llegar al Monte del Destino.', '2003', 'Wingnut Films'), ('Pulp Fiction', 'Pulp Fiction', 'ESTADOS UNIDOS DE AMERICA', 153, 'Jules y Vincent, dos asesinos a sueldo con no demasiadas luces, trabajan para el gángster Marsellus Wallace. Vincent le confiesa a Jules que Marsellus le ha pedido que cuide de Mia, su atractiva mujer. Jules le recomienda prudencia porque es muy peligroso sobrepasarse con la novia del jefe. Cuando llega la hora de trabajar, ambos deben ponerse manos a la obra. Su misión: recuperar un misterioso maletín.', '1994', 'Miramax'), ('El club de la lucha', 'Fight Club', 'ESTADOS UNIDOS DE AMERICA', 139, 'Un joven hastiado de su gris y monótona vida lucha contra el insomnio. En un viaje en avión conoce a un carismático vendedor de jabón que sostiene una teoría muy particular: el perfeccionismo es cosa de gentes débiles sólo la autodestrucción hace que la vida merezca la pena. Ambos deciden entonces fundar un club secreto de lucha, donde poder descargar sus frustaciones y su ira, que tendrá un éxito arrollador.', '1999', 'Fox 2000 Pictures'), ('Forrest Gump', 'Forrest Gump', 'ESTADOS UNIDOS DE AMERICA', 142, 'Forrest Gump (Tom Hanks) sufre desde pequeño un cierto retraso mental. A pesar de todo, gracias a su tenacidad y a su buen corazón será protagonista de acontecimientos cruciales de su país durante varias décadas. Mientras pasan por su vida multitud de cosas en su mente siempre está presente la bella Jenny (Robin Wright), su gran amor desde la infancia, que junto a su madre será la persona más importante en su vida.', '1994', 'Paramount Pictures'), ('Matrix', 'The Matrix', 'ESTADOS UNIDOS DE AMERICA', 131, 'Thomas Anderson es un brillante programador de una respetable compañía de software. Pero fuera del trabajo es Neo, un hacker que un día recibe una misteriosa visita...', '1999', 'Warner Bros.'), ('Matrix Reloaded', 'The Matrix Reloaded', 'ESTADOS UNIDOS DE AMERICA', 138, 'Neo, Morpheus, Trinity y el resto de la tripulación continúan en la lucha contra las máquinas que han esclavizado a la raza humana. Ahora más humanos han sido despertados e intentan vivir en el mundo real. A medida que aumentan en número, la batalla se acerca a Sion, la última ciudad real en el mundo y centro de la resistencia humana. Y tiene poco tiempo, muy poco tiempo...', '2003', 'Warner Bros.'), ('Matrix Revolutions', 'The Matrix Revolutions', 'ESTADOS UNIDOS DE AMERICA', 130, 'Todo lo que tiene un comienzo tiene un final. La guerra estalla en la superficie de la tierra mientras las máquinas invaden Zion. Allí donde Reloaded significaba vida, Revolutions apunta a la muerte...', '2003', 'Warner Bros.'), ('La milla verde', 'The Green Mile', 'ESTADOS UNIDOS DE AMERICA', 180, 'Ambientada en el sur de los Estados Unidos, en plena Depresión. Paul Edgecomb es un funcionario de prisiones encargado de vigilar la Milla Verde, un pasillo que separa las celdas de los reclusos condenados a la silla eléctrica. John Coffey, un gigantesco hombre negro acusado de asesinar brutalmente a dos hermanas de nueve años, está esperando su inminente ejecución. Tras una personalidad ingenua e infantil, Coffey esconde un prodigioso don sobrenatural.', '1999', 'Warner Bros.'), ('Gladiator', 'Gladiator', 'ESTADOS UNIDOS DE AMERICA', 150, 'En el año 180, el Imperio Romano domina todo el mundo conocido. Tras una gran victoria sobre los bárbaros del norte, el anciano emperador Marco Aurelio (Richard Harris) decide transferir el poder a Máximo (Russell Crowe), bravo general de sus ejércitos y hombre de inquebrantable lealtad al imperio. Pero su hijo Cómodo (Joaquin Phoenix), que aspiraba al trono, no lo acepta y trata de asesinar a Máximo.', '2000', 'Universal Pictures'), ('Cinema Paradiso', 'Nuovo Cinema Paradiso', 'ITALIA', 155, 'Cinema Paradiso es una historia de amor por el cine. Narra la historia de Salvatore, un niño de un pueblecito italiano en el que el único pasatiempo es ir al cine. Subyugado por las imágenes en movimiento, el chico cree ciegamente que el cine es magia, pero, un día, Alfredo, el operador, accede a enseñarle al pequeño los misterios y secretos que se ocultan detrás de una película. Salvatore va creciendo y llega el momento en el que debe abandonar el pueblo y buscarse la vida. Treinta años después recibe un mensaje, en el que le comunican que debe volver a casa.', '1988', 'Les Films Ariane'), ('Joker', 'Joker', 'ESTADOS UNIDOS DE AMERICA', 121, 'Arthur Fleck (Phoenix) vive en Gotham con su madre, y su única motivación en la vida es hacer reír a la gente. Actúa haciendo de payaso en pequeños trabajos, pero tiene problemas mentales que hacen que la gente le vea como un bicho raro. Su gran sueño es actuar como cómico delante del público, pero una serie de trágicos acontecimientos le hará ir incrementando su ira contra una sociedad que le ignora.', '2019', 'DC Comics'), ('Alien, el octavo pasajero', 'Alien', 'ESTADOS UNIDOS DE AMERICA', 116, 'De regreso a la Tierra, la nave de carga Nostromo interrumpe su viaje y despierta a sus siete tripulantes. El ordenador central, MADRE, ha detectado la misteriosa transmisión de una forma de vida desconocida, procedente de un planeta cercano aparentemente deshabitado. La nave se dirige entonces al extraño planeta para investigar el origen de la comunicación.', '1979', '20th Century Fox'), ('Aliens: El regreso', 'Aliens', 'ESTADOS UNIDOS DE AMERICA', 150, 'Alien es un organismo perfecto, una máquina de matar cuya superioridad física sólo puede competir con su agresividad. La oficial Ripley y la tripulación de la nave  “Nostromo ” se habían enfrentado, en el pasado, a esa monstruosa criatura. Y sólo Ripley sobrevivió a la masacre. Después de vagar por el espacio durante varios años, Ripley fue rescatada. Durante ese tiempo, el planeta de Alien ha sido colonizado. Pero, de repente, se pierde la comunicación con la colonia y, para investigar los motivos, se envía una expedición de marines espaciales, capitaneados por Ripley. Allí les esperan miles de espeluznantes criaturas. Alien se ha reproducido y esta vez la lucha es por la supervivencia de la Humanidad.', '1986', '20th Century Fox'), ('Alien 3', 'Alien 3', 'ESTADOS UNIDOS DE AMERICA', 115, 'Tras conseguir escapar con Newt y Bishop de un planeta alienígena, la teniente Ellen Ripley (Sigourney Weaver) recala accidentalmente en Fiorna 161, una remota cárcel galáctica cuyos peligrosos reclusos están absolutamente abandonados a su suerte.', '1992', '20th Century Fox'), ('El padrino. Parte II', 'The Godfather Part II', 'ESTADOS UNIDOS DE AMERICA', 200, 'Continuación de la historia de los Corleone por medio de dos historias paralelas: la elección de Michael como jefe de los negocios familiares y los orígenes del patriarca, Don Vito Corleone, primero en su Sicilia natal y posteriormente en Estados Unidos, donde, empezando desde abajo, llegó a ser un poderosísimo jefe de la mafia de Nueva York.', '1974', 'Coppola Co. Production'), ('El padrino. Parte III', 'The Godfather Part III', 'ESTADOS UNIDOS DE AMERICA', 163, 'Michael Corleone, heredero del imperio de don Vito Corleone, intenta rehabilitarse socialmente y legitimar todas las posesiones de la familia negociando con el Vaticano. Después de luchar toda su vida se encuentra cansado y centra todas sus esperanzas en encontrar un sucesor que se haga cargo de los negocios. Vincent, el hijo ilegítimo de su hermano Sonny, parece ser el elegido.', '1990', 'Paramount Pictures'), ('Kill Bill. Volumen 1', 'Kill Bill: Volume 1', 'ESTADOS UNIDOS DE AMERICA', 110, 'El día de su boda, una asesina profesional (Thurman) sufre el ataque de algunos miembros de su propia banda, que obedecen las órdenes de Bill (David Carradine), el jefe de la organización criminal. Logra sobrevivir al ataque, aunque queda en coma. Cuatro años después despierta dominada por un gran deseo de venganza.', '2003', 'Miramax'), ('Kill Bill. Volumen II', 'Kill Bill: Volume 2', 'ESTADOS UNIDOS DE AMERICA', 137, 'Tras eliminar a algunos miembros de la banda que intentaron asesinarla el día de su boda, Mamba Negra (Uma Thurman) intenta acabar con los demás, especialmente con Bill, su antiguo jefe (David Carradine), que la había dado por muerta.', '2004', 'Miramax'), ('El silencio de los corderos', 'The Silence of the Lambs', 'ESTADOS UNIDOS DE AMERICA', 115, 'El FBI busca a Buffalo Bill, un asesino en serie que mata a sus víctimas, todas adolescentes, después de prepararlas minuciosamente y arrancarles la piel. Para poder atraparlo recurren a Clarice Starling, una brillante licenciada universitaria, experta en conductas psicópatas, que aspira a formar parte del FBI. Siguiendo las instrucciones de su jefe, Jack Crawford, Clarice visita la cárcel de alta seguridad donde el gobierno mantiene encerrado al Dr. Hannibal Lecter, antiguo psicoanalista y asesino, dotado de una inteligencia superior a la normal. Su misión será intentar sacarle información sobre los patrones de conducta del asesino que están buscando.', '1991', 'Orion Pictures'), ('Hannibal', 'Hannibal', 'ESTADOS UNIDOS DE AMERICA', 131, 'Han pasado diez años desde que Lecter, tras su entrevista con la agente del FBI Clarice Starling, escapara del hospital de máxima seguridad en el que estaba recluido. Ahora vive en Italia, pero Starling no ha podido olvidarlo: su fría voz sigue resonando en sus sueños. Mason Verger también recuerda a Lecter: fue su sexta víctima y, pese a quedar horriblemente desfigurado, logró sobrevivir. Tras heredar una fortuna, Verger decide emplearla en satisfacer sus deseos de venganza, pero pronto se da cuenta de que, para sacar a Lecter de su escondrijo, debe ponerle delante un cebo irresistible: Clarice Starling.', '2001', 'Metro-Goldwyn-Mayer'), ('Seven (Se7en)', 'Seven (Se7en)', 'ESTADOS NIDOS DE AMERICA', 127, 'El veterano teniente Somerset (Morgan Freeman), del departamento de homicidios, está a punto de jubilarse y ser reemplazado por el ambicioso e impulsivo detective David Mills (Brad Pitt). Ambos tendrán que colaborar en la resolución de una serie de asesinatos cometidos por un psicópata que toma como base la relación de los siete pecados capitales: gula, pereza, soberbia, avaricia, envidia, lujuria e ira. Los cuerpos de las víctimas, sobre los que el asesino se ensaña de manera impúdica, se convertirán para los policías en un enigma que les obligará a viajar al horror y la barbarie más absoluta.', '1995', 'New Line Cinema'), ('Trainspotting', 'Trainspotting', 'REINO UNIDO', 90, 'Mark Renton, un joven escocés de Edimburgo, y sus amigos son adictos a la heroína, lo que significa que viven fuera de la realidad, en un mundo aparte. Dentro del grupo hay un psicópata alcohólico y violento, un joven desesperado, un mujeriego con un conocimiento enciclopédico sobre Sean Connery y un entusiasta de las caminatas y de Iggy Pop.', '1996', 'Film4 Productions'), ('Million Dollar Baby', 'Million Dollar Baby', 'ESTADOS UNIDOS DE AMERICA', 132, 'Después de haber entrenado y representado a los mejores púgiles, Frankie Dunn (Eastwood) regenta un gimnasio con la ayuda de Scrap (Freeman), un ex-boxeador que es además su único amigo. Frankie es un hombre solitario y adusto que se refugia desde hace años en la religión buscando una redención que no llega. Un día, entra en su gimnasio Maggie Fitzgerald (Swank), una voluntariosa chica que quiere boxear y que está dispuesta a luchar denodadamente para conseguirlo. Frankie la rechaza alegando que él no entrena chicas y que, además, es demasiado mayor. Pero Maggie no se rinde y se machaca cada día en el gimnasio, con el único apoyo de Scrap.', '2004', 'Warner Bros.'), ('American Beauty', 'American Beauty', 'ESTADOS UNIDOS DE AMERICA', 122, 'Lester Burnham (Kevin Spacey), un cuarentón en crisis, cansado de su trabajo y de su mujer Carolyn (Annette Bening), despierta de su letargo cuando conoce a la atractiva amiga (Mena Suvari) de su hija (Thora Birch), a la que intentará impresionar a toda costa.', '1999', 'DreamWorks SKG'), ('El sexto sentido', 'The Sixth Sense', 'ESTADOS UNIDOS DE AMERICA', 107, 'El doctor Malcom Crowe es un conocido psicólogo infantil de Philadelphia que vive obsesionado por el doloroso recuerdo de un joven paciente desequilibrado al que fue incapaz de ayudar. Cuando conoce a Cole Sear, un aterrorizado y confuso niño de ocho años que necesita tratamiento, ve que se le presenta la oportunidad de redimirse haciendo todo lo posible por ayudarlo. Sin embargo, el doctor Crowe no está preparado para conocer la terrible verdad acerca del don sobrenatural de su paciente: recibe visitas no deseadas de espíritus atormentados.', '1999', 'Hollywood Pictures'), ('Amelie', 'Le fabuleux destin d''Amelie Poulain', 'FRANCIA', 120, 'Amelie no es una chica como las demás. Ha visto a su pez de colores deslizarse hacia las alcantarillas municipales, a su madre morir en la plaza de Nôtre-Dame y a su padre dedicar todo su afecto a un gnomo de jardín. De repente, a los veintidós años, descubre su objetivo en la vida: arreglar la vida de los demás. A partir de entonces, inventa toda clase de estrategias para intervenir en los asuntos de los demás: su portera, que se pasa los días bebiendo vino de Oporto; Georgette, una estanquera hipocondríaca, o el hombre de cristal, un vecino que sólo ve el mundo a través de la reproducción de un cuadro de Renoir.', '2001', 'Claudie Ossard, UGC Images'), 
('El pianista', 'The Pianist', 'REINO UNIDO', 148, 'Wladyslaw Szpilman, un brillante pianista polaco de origen judío, vive con su familia en el ghetto de Varsovia. Cuando, en 1939, los alemanes invaden Polonia, consigue evitar la deportación gracias a la ayuda de algunos amigos. Pero tendrá que vivir escondido y completamente aislado durante mucho tiempo, y para sobrevivir tendrá que afrontar constantes peligros.', '2002', 'Heritage Films'), ('Los Otros', 'Los Otros(The Others)', 'ESPAÑA', 104, 'Isla de Jersey, 1945. La Segunda Guerra Mundial ha terminado, pero el marido de Grace (Nicole Kidman) no vuelve. Sola en un aislado caserón victoriano de la isla de Jersey, educa a sus hijos dentro de rígidas normas religiosas. Los niños sufren una extraña enfermedad: no pueden recibir directamente la luz del día. Los tres nuevos sirvientes que se incorporan a la vida familiar deben aprender una regla vital: la casa estará siempre en penumbra, y nunca se abrirá una puerta si no se ha cerrado la anterior. Pero el estricto orden que Grace ha impuesto se verá desafiado por circunstancias que escapan a su control.', '2001', 'Sogecine'), ('Memento', 'Memento', 'ESTADOS UNIDOS DE AMERICA', 115, 'La memoria de Leonard, un investigador de una agencia de seguros, está irreversiblemente dañada debido a un golpe sufrido en la cabeza cuando intentaba evitar el asesinato de su mujer: éste es el último hecho que recuerda del pasado. La memoria reciente la ha perdido: los hechos cotidianos desaparecen de su mente en unos minutos. Así pues, para investigar e intentar vengar el asesinato de su esposa tiene que recurrir a la ayuda de una cámara instantánea y a las notas tatuadas en su cuerpo.', '2000', 'Summit Entertainment'), ('Gran Torino', 'Gran Torino', 'ESTADOS UNIDOS DE AMERICA', 119, 'Walt Kowalski (Clint Eastwood), un veterano de la guerra de Corea (1950-1953), es un obrero jubilado del sector del automóvil que ha enviudado recientemente. Su máxima pasión es cuidar de su más preciado tesoro: un coche Gran Torino de 1972. Es un hombre inflexible y cascarrabias, al que le cuesta trabajo asimilar los cambios que se producen a su alrededor, especialmente la llegada de multitud de inmigrantes asiáticos a su barrio. Sin embargo, las circustancias harán que se vea obligado a replantearse sus ideas.', '2008', 'Warner Bros.'), ('Harry Potter y la piedra filosofal', 'Harry Potter and the Sorcerer''s Stone', 'REINO UNIDO', 152, 'El día en que cumple once años, Harry Potter se entera de que es hijo de dos destacados hechiceros, de los que ha heredado poderes mágicos. En la escuela Hogwarts de Magia y Hechicería, donde se educa con otros niños que también tienen poderes especiales, aprenderá todo lo necesario para ser mago.', '2001', 'Warner Bros.'), ('Mad Max. Salvajes de autopista', 'Mad Max', 'AUSTRALIA', 90, 'En un futuro posnuclear, Max Rockatansky, un policía encargado de la vigilancia de una autopista, tendrá que vérselas con unos criminales que actúan como vándalos, sembrando el pánico por las carreteras. Cuando, durante una persecución, Max acaba con Nightrider, el líder del violento grupo, el resto de la banda jura vengar su muerte.', '1979', 'Kennedy Miller Productions'), ('Mad Max 2. El guerrero de la carretera', 'Mad Max 2: The Road Warrior', 'AUSTRALIA', 92, 'Tras el holocausto nuclear, la gasolina se ha convertido en un bien escaso y muy codiciado. Mad Max, héroe solitario, inicia una lucha sin cuartel para ayudar a una colonia de supervivientes constantemente atacada por un grupo de violentos guerreros que intenta arrebatarle un tanque de gasolina. Max decide ayudar a los defensores del tanque...', '1981', 'Warner Bros.'), ('Mad Max 3. Más allá de la cúpula del trueno', 'Mad Max Beyond Thunderdome', 'AUSTRALIA', 103, 'Tras la catástrofe nuclear, Mad Max cruza un desierto donde pierde su caravana de camellos. Llega a una ciudad donde le proponen cambiárselos a cambio de que ataque al tirano de la ciudad subterránea, un enano que fabrica gas metano con excrementos de cerdo.', '1985', 'Warner Bros.'), ('La guerra de las galaxias. Episodio IV: Una nueva esperanza', 'Star Wars', 'ESTADOS UNIDOS DE AMERICA','121', 'La princesa Leia, líder del movimiento rebelde que desea reinstaurar la República en la galaxia en los tiempos ominosos del Imperio, es capturada por las Fuerzas Imperiales, capitaneadas por el implacable Darth Vader, el sirviente más fiel del Emperador. El intrépido y joven Luke Skywalker, ayudado por Han Solo, capitán de la nave espacial El Halcón Milenario, y los androides, R2D2 y C3PO, serán los encargados de luchar contra el enemigo e intentar rescatar a la princesa para volver a instaurar la justicia en el seno de la galaxia.', '1977', 'LucasFilm'), ('La guerra de las galaxias. Episodio V: El imperio contraataca', 'Star Wars. Episode V: The Empire Strikes Back', 'ESTADOS UNIDOS DE AMERICA', 124, 'Tras un ataque sorpresa de las tropas imperiales a las bases camufladas de la alianza rebelde, Luke Skywalker, en compañía de R2D2, parte hacia el planeta Dagobah en busca de Yoda, el último maestro Jedi, para que le enseñe los secretos de la Fuerza. Mientras, Han Solo, la princesa Leia, Chewbacca, y C3PO esquivan a las fuerzas imperiales y piden refugio al antiguo propietario del Halcón Milenario, Lando Calrissian, en la ciudad minera de Bespin, donde les prepara una trampa urdida por Darth Vader', '1980', 'Lucasfilm'), ('La guerra de las galaxias. Episodio VI: El retorno del Jedi', 'Star Wars. Episode VI: Return of the Jedi', 'ESTADOS UNIDOS DE AMERICA', 133, 'Para ir a Tatooine y liberar a Han Solo, Luke Skywalker y la princesa Leia deben infiltrarse en la peligrosa guarida de Jabba the Hutt, el gángster más temido de la galaxia. Una vez reunidos, el equipo recluta a tribus de Ewoks para combatir a las fuerzas imperiales en los bosques de la luna de Endor. Mientras tanto, el Emperador y Darth Vader conspiran para atraer a Luke al lado oscuro, pero el joven está decidido a reavivar el espíritu del Jedi en su padre. La guerra civil galáctica termina con un último enfrentamiento entre las fuerzas rebeldes unificadas y una segunda Estrella de la Muerte, indefensa e incompleta, en una batalla que decidirá el destino de la galaxia.', '1983', 'LucasFilm'), ('La guerra de las galaxias. Episodio I: La amenaza fantasma', 'Star Wars. Episode I: The Phantom Menace', 'ESTADOS UNIDOS DE AMERICA', 130, 'Ambientada treinta años antes que La guerra de las galaxias (1977), muestra la infancia de Darth Vader, el pasado de Obi-Wan Kenobi y el resurgimiento de los Sith, los caballeros Jedi dominados por el Lado Oscuro. La Federación de Comercio ha bloqueado el pequeño planeta de Naboo, gobernado por la joven Reina Amidala; se trata de un plan ideado por Sith Darth Sidious, que, manteniéndose en el anonimato, dirige a los neimoidianos, que están al mando de la Federación. El Jedi Qui-Gon Jinn y su aprendiz Obi-Wan Kenobi convencen a Amidala para que vaya a Coruscant, la capital de la República y sede del Consejo Jedi, y trate de neutralizar esta amenaza. Pero, al intentar esquivar el bloqueo, la nave real resulta averiada, viéndose así obligada la tripulación a aterrizar en el desértico y remoto planeta de Tatooine...', '1999', 'Lucasfilm'), ('La guerra de las galaxias. Episodio II: El ataque de los clones', 'Star Wars. Episode II: Attack of the Clones', 'ESTADOS UNIDOS DE AMERICA', 136, 'Corren tenebrosos tiempos para la República, que continúa envuelta en luchas y sumida en el caos. Un movimiento separatista, formado por centenares de planetas y poderosas alianzas encabezadas por el misterioso conde Dooku, amenaza la galaxia. Ni siquiera los Jedi parecen capaces de conjurar el peligro. Este movimiento provoca el estallido de las guerras clones, que representa el principio del fin de la República. Para allanar el camino, los separatistas intentan asesinar a la senadora Padme Amidala. Para evitar futuros atentados, su seguridad es encomendada a dos caballeros Jedi..', '2002', 'Lucasfilm'), ('La guerra de las galaxias. Episodio III: La venganza de los Sith', 'Star Wars: Episode III Revenge of the Sith', 'ESTADOS UNIDOS DE AMERICA', 135, 'Último capítulo de la trilogía de precuelas de Star Wars, en el que Anakin Skywalker definitivamente se pasa al lado oscuro. En el Episodio III aparece el General Grievous, un ser implacable mitad-alien mitad-robot, el líder del ejército separatista Droid. Los Sith son los amos del lado oscuro de la Fuerza y los enemigos de los Jedi. Fueron prácticamente exterminados por los Jedi hace mil años, pero esta orden del mal sobrevivió en la clandestinidad.', '2005', 'Lucasfilm'), ('Rogue One: Una historia de Star Wars', 'Rogue One: A Star Wars Story', 'ESTADOS UNIDOS DE AMERICA', 133, 'El Imperio Galáctico ha terminado de construir el arma más poderosa de todas, la Estrella de la muerte, pero un grupo de rebeldes decide realizar una misión de muy alto riesgo: robar los planos de dicha estación antes de que entre en operaciones, mientras se enfrentan también al poderoso Lord Sith conocido como Darth Vader, discípulo del despiadado Emperador Palpatine. Historia ambientada entre los episodios III y IV de Star Wars.', '2016', 'Lucasfilm'), ('Star Wars: El despertar de la Fuerza', 'Star Wars. Episode VII: The Force Awakens', 'ESTADOS UNIDOS DE AMERICA', 135, 'Treinta años después de la victoria de la Alianza Rebelde sobre la segunda Estrella de la Muerte (hechos narrados en el Episodio VI: El retorno del Jedi), la galaxia está todavía en guerra. Una nueva República se ha constituido, pero una siniestra organización, la Primera Orden, ha resurgido de las cenizas del Imperio Galáctico. A los héroes de antaño, que luchan ahora en la Resistencia, se suman nuevos héroes: Poe Dameron, un piloto de caza, Finn, un soldado desertor de la Primera Orden, Rey, una joven chatarrera, y BB-8, un androide rodante. Todos ellos luchan contra las fuerzas del Mal: el Capitán Phasma, de la Primera Orden, y Kylo Ren, un temible y misterioso personaje que empuña un sable de luz roja.', '2015', 'LucasFilm'), ('Star Wars: Los últimos Jedi', 'Star Wars: The Last Jedi', 'ESTADOS UNIDOS DE AMERICA', 150, 'La malvada Primera Orden se ha vuelto más poderosa y tiene contra las cuerdas a la Resistencia, liderada por la General Leia Organa (Carrie Fisher). El piloto Poe Dameron (Oscar Isaac) encabeza una misión para intentar destruir un acorazado de la Primera Orden. Mientras tanto, la joven Rey (Daisy Ridley) tendrá que definir su futuro y su vocación, y el viejo jedi Luke Skywalker (Mark Hamill) revaluar el significado de su vida.', '2017', 'LucasFilm'), ('Star Wars: El ascenso de Skywalker', 'Star Wars: The Rise of Skywalker', 'ESTADOS UNIDOS DE AMERICA', 141, 'Un año después de los eventos de Los últimos Jedi, los restos de la Resistencia se enfrentarán una vez más a la Primera Orden, involucrando conflictos del pasado y del presente. Mientras tanto, el antiguo conflicto entre los Jedi y los Sith llegará a su clímax, lo que llevará a la saga de los Skywalker a un final definitivo. Final de la trilogía iniciada con El despertar de la Fuerza', '2019', 'Lucasfilm'), ('Han Solo: Una historia de Star Wars', 'Solo: A Star Wars Story', 'ESTADOS UNIDOS DE AMERICA', 135, 'Muchos años antes de conocer a Luke Skywalker y la Princesa Leia, en una galaxia donde impera el caos y existen numerosas bandas criminales, el joven Han Solo consigue huir del planeta Corellia, pero atrás queda su amada Qi''ra, y Han promete volver a por ella algún día. Tras apuntarse a la Academia Imperial para ser piloto, Han conoce a un wookie llamado Chewbacca y más tarde al famoso jugador Lando Calrissian, dueño del Halcón milenario. En una misión desesperada, Han se unirá a Tobias Beckett para obtener un valioso cargamento de coaxium, del que se extrae el hiperfuel para que las naves naveguen por el hiperespacio.', '2018', 'Lucasfilm'), ('En busca del arca perdida', 'Indiana Jones: Raiders of the Lost Ark', 'ESTADOS UNIDOS DE AMERICA', 115, 'Año 1936. Indiana Jones es un profesor de arqueología, dispuesto a correr peligrosas aventuras con tal de conseguir valiosas reliquias históricas. Después de una infructuosa misión en Sudamérica, el gobierno estadounidense le encarga la búsqueda del Arca de la Alianza, donde se conservan las Tablas de la Ley que Dios entregó a Moisés. Según la leyenda, quien las posea tendrá un poder absoluto, razón por la cual también la buscan los nazis.', '1981', 'Paramount Pictures'), ('Indiana Jones y el templo maldito', 'Indiana Jones and the Temple of Doom', 'ESTADOS UNIDOS DE AMERICA', 118, '1935. Shanghai. El intrépido arqueólogo Indiana Jones, tras meterse en jaleos en un local nocturno, consigue escapar junto a una bella cantante y su joven acompañante. Tras un accidentado vuelo, los tres acaban en la India, donde intentarán ayudar a los habitantes de un pequeño poblado, cuyos niños han sido raptados.', '1984', 'Paramount Pictures'), ('Indiana Jones y la última cruzada', 'Indiana Jones and the Last Crusade', 'ESTADOS UNIDOS DE AMERICA', 127, 'En esta tercera entrega, el padre del protagonista (Harrison Ford), Henry Jones, también arqueólogo (Sean Connery), es secuestrado cuando buscaba el Santo Grial. Indiana tendrá que ir a rescatarlo y, de paso, intentar hacerse con la preciada reliquia, que también ambicionan los nazis.', '1989', 'Paramount Pictures'), ('Indiana Jones y el reino de la calavera de cristal', 'Indiana Jones and the Kingdom of the Crystal Skull (Indiana Jones 4)', 'ESTADOS UNIDOS DE AMERICA', 125, 'Año 1957, en plena guerra fría. Indiana Jones (Harrison Ford) consigue de milagro salir ileso de una explosiva situación con unos agentes soviéticos en un remoto desierto al que llegó detenido junto a su amigo Mac (Ray Winstone). El decano de la Universidad (Jim Broadbent) le confiesa a su amigo el profesor Jones que las últimas misiones de Indy han fracasado, y que está a punto de ser despedido. Mientras tanto, Indiana conoce a Mutt (Shia LaBeouf), un joven rebelde que le propone un trato: si le ayuda a resolver un problema personal, él, a cambio, le facilitaría uno de los descubrimientos más espectaculares de la historia: la Calavera de Cristal de Akator, que se encuentra en un lugar remoto del Perú. Pero los agentes soviéticos, dirigidos por la fría y bella Irina Spalko (Cate Blanchett), tienen el mismo objetivo.', '2008', 'Paramount Pictures'), ('Harry Potter y la cámara secreta', 'Harry Potter and the Chamber of Secrets (Harry Potter 2)', 'REINO UNIDO', 154, 'Terminado el verano, Harry (Radcliffe) no ve la hora de abandonar la casa de sus odiosos tíos, pero, inesperadamente se presenta en su dormitorio Dobby, un elfo doméstico, que le anuncia que correrá un gran peligro si vuelve a Hogwarts. A pesar de los esfuerzos del elfo por retenerlo, Harry es rescatado por Ron y sus hermanos, con la ayuda de un coche volador, y recibido con los brazos abiertos en el cálido hogar de los Weasley.

A pesar de que a Harry y a Ron les impiden entrar en el andén 9 ¾ y subir al Expreso de Hogwarts, ellos se las arreglan para llegar a tiempo de empezar el nuevo curso. Las hazañas de nuestro héroe ya se han extendido por todo el colegio, convirtiéndolo en el centro de una atención no deseada. Entre sus nuevos admiradores está Ginny (Bonnie Wright), la hermana pequeña de Ron; el aspirante a fotógrafo Colin Creevey (Hugh Mitchell) y Gilderoy Lockhart (Branagh), el nuevo y vanidoso profesor de defensa contra las artes oscuras.

Sin embargo, ni siquiera Lockhart puede ofrecer una explicación plausible ni una solución eficaz para combatir el terror que se está apoderando del colegio. En tal circunstancia, la atención se centra en Harry, pero todos empiezan a dudar de él. Todos, excepto Ron, Hermione y la pequeña y frágil Ginny, que vive volcada en su nuevo y misterioso diario. Pero Harry no decepcionará a sus amigos y se enfrentará a la oscura fuerza que acecha Hogwarts.', '2002', 'Warner Bros.'), ('Harry Potter y el prisionero de Azkaban', 'Harry Potter and the Prisoner of Azkaban (Harry Potter 3)', 'REINO UNIDO', 137, 'Cuando Harry Potter y sus amigos vuelven a Hogwarts para cursar su tercer año de estudios, se ven involucrados en un misterio: de la prisión para magos de Azkaban se ha fugado Sirius Black, un peligroso mago que fue cómplice de Lord Voldemort y que intentará vengarse de Harry Potter. El joven aprendiz de mago contribuyó en gran medida a la condena de Sirius, por lo que hay razones para temer por su vida.', '2004', 'Warner Bros.'), ('Harry Potter y el cáliz de fuego', 'Harry Potter and the Goblet of Fire (Harry Potter 4)', 'REINO UNIDO', 157, 'La cuarta parte de la serie del niño mago comienza con la Copa Internacional de Quidditch. Cuenta también el inicio de la atracción por Cho Chang y otro año de magia, en el que una gran sorpresa obligará a Harry a enfrentarse a muchos desafíos temibles. También habrá un torneo de magia para tres escuelas, y el temido regreso de Aquel-que-no-debe-ser-nombrado.', '2005', 'Warner Bros.'), ('Harry Potter y la orden del Fénix', 'Harry Potter and the Order of the Phoenix (Harry Potter 5)', 'REINO UNIDO', 138, 'Las tediosas vacaciones en casa de sus tíos todavía no han acabado y Harry se encuentra más inquieto que nunca. Apenas ha tenido noticias de Ron y Hermione y presiente que algo extraño está sucediendo en Hogwarts. En efecto, cuando por fin empieza el curso, sus temores se hacen realidad. El Ministerio de Magia niega que Voldemort haya regresado e inicia una campaña de desprestigio contra Harry y Dumbledore, encomendando a la horrible profesora Dolores Umbridge la tarea de vigilar todos sus movimientos. Así, pues, además de sentirse solo e incomprendido, Harry sospecha que Voldemort puede adivinar sus pensamientos e intuye que el temible mago trata de apoderarse de un objeto secreto que le permitiría recuperar su destructivo poder.', '2007', 'Warner Bros.'), ('Harry Potter y el misterio del príncipe', 'Harry Potter and the Half-Blood Prince (Harry Potter 6)', 'REINO UNIDO', 153, 'Con dieciséis años cumplidos, Harry inicia el sexto curso en Hogwarts en medio de terribles acontecimientos que asolan Inglaterra. Elegido capitán del equipo de Quidditch, los entrenamientos, los exámenes y las chicas ocupan todo su tiempo, pero la tranquilidad dura poco. A pesar de los férreos controles de seguridad que protegen la escuela, dos alumnos son brutalmente atacados. Dumbledore sabe que se acerca el momento, anunciado por la Profecía, en que Harry y Voldemort se enfrentarán a muerte. El anciano director pedirá ayuda a Harry y juntos emprenderán un peligroso viaje. Para debilitar al enemigo, el joven mago cuenta con la ayuda de un viejo libro de pociones perteneciente a un misterioso personaje que se hace llamar el Príncipe Mestizo.', '2009', 'Warner Bros.'), ('Harry Potter y las reliquias de la muerte - Parte 1', 'Harry Potter and the Deathly Hallows: Part I', 'REINO UNIDO', 146, 'Primera parte de la adaptación al cine del último libro de la saga Harry Potter. Es una continuación de la historia recogida en El misterio del príncipe. Una misión casi imposible cae sobre los hombros de Harry: deberá encontrar y destruir a los últimos horrocruxes para poner fin al reinado de Lord Voldemort. En el episodio final de la saga, el joven hechicero de 17 años emprende con sus amigos Hermione Granger y Ron Weasley un peligroso viaje por Inglaterra para encontrar los objetos que contienen los fragmentos del alma del Señor Tenebroso, que son los que garantizan su longevidad. Pero la tarea no será fácil, pues el poder del lado oscuro crece cada vez más, y las más firmes lealtades serán puestas a prueba. Harry deberá usar todos los conocimientos que ha adquirido gracias a Dumbledore para enfrentarse a su enemigo y encontrar la forma de sobrevivir a esta última aventura.', '2010', 'Warner Bros.'), ('Harry Potter y las reliquias de la muerte - Parte 2', 'Harry Potter and the Deathly Hallows: Part II', 'REINO UNIDO', 130, 'El final ha llegado. Harry, Hermione y Ron tendrán que recuperar la espada de Gryffindor para encontrar y destruir los últimos horrocruxes. Mientras tanto, Lord Voldemort está a punto de apoderarse por completo de Hogwarts y de conseguir su objetivo: matar a Harry Potter. La única esperanza de Harry es encontrar los horrocruxes antes de que Voldemort lo encuentre a él. Buscando pistas, descubre una antigua y olvidada historia: la leyenda de las reliquias de la muerte, que podría dar al malvado Lord el poder definitivo. Pero el futuro de Harry está escrito desde que nació e incluye una misión para la que se ha estado preparando desde que llegó a Hogwarts: la batalla final contra Voldemort.', '2011', 'Warner Bros.'), ('El gabinete del doctor Caligari', 'Das Cabinet des Dr. Caligari', 'ALEMANIA', 77, 'Sentado en un banco de un parque, Francis anima a su compañero Alan para que vayan a Holstenwall, una ciudad del norte de Alemania, a ver el espectáculo ambulante del doctor Caligari. Un empleado municipal que le niega al doctor el permiso para actuar, aparece asesinado al día siguiente. Francis y Alan acuden a ver al doctor Caligari y a Cesare, su ayudante sonámbulo, que le anuncia a Alan su porvenir: vivirá hasta el amanecer.', '1920', 'Decla Film'), ('Asalto y robo de un tren', 'The Great Train Robbery', 'ESTADOS UNIDOS DE AMERICA', 10, 'Narra el asalto a un tren por parte de unos bandidos. Escrita y dirigida por Edwin S. Porter, a quien se le atribuye en ocasiones la paternidad del cine de ficción, Porter trabajó en el estudio de Thomas Alva Edison, creando la que sería la primera película estadounidense importante. De 8 minutos de duración, Asalto y robo de un tren influyó de forma decisiva en el desarrollo del cine porque incluía innovaciones como el género escogido (western) y sobre todo el montaje de escenas filmadas en diferentes momentos y lugares para componer una unidad narrativa. Al hacer esto, Porter inició el montaje, uno de los fundamentos de la creación cinematográfica, proceso en el que diferentes fragmentos elegidos de las diversas tomas realizadas —o disponibles— se reúnen para conseguir un conjunto coherente. Asalto y robo de un tren tuvo un gran éxito y contribuyó de forma notable a que el cine se convirtiera en un espectáculo masivo. Las pequeñas salas de cine, conocidas como nickelodeones, se extendieron por Estados Unidos, y el cine comenzó a surgir como industria', '1903', 'Edison Manufacturing Company'), ('El acorazado Potemkin', 'Bronenosets Potyomkin', 'UNION SOVIETICA', 77, 'Basada en hechos reales ocurridos en 1905, narra como la tripulación del acorazado Príncipe Potemkin de Táurida se cansan del tratamiento vejatorio e injusto de los oficiales. El detonante de la situación es la carne podrida que éstos quieren que los marineros se coman. Con este motín comienza el reguero revolucionario por Odesa y toda Rusia.', '1925', 'Goskino'), ('Un perro andaluz', 'Un chien andalou', 'FRANCIA', 21, 'Filme surrealista, todo un clásico del cine de arte y ensayo, una obra única y de culto, fruto de la poderosa imaginación de dos jóvenes mentes -Buñuel tenía 29 años y Dalí 25- poseedoras de un talento tan singular como genial.', '1929', 'Luis Buñuel'), ('Sopa de ganso', 'Duck Soup', 'ESTADOS UNIDOS DE AMERICA', 70, 'La República Democrática de Freedonia, un pequeño país centroeuropeo, a cuyo frente se encuentra el muy liberal señor Rufus T. Firefly, se ve amenazada por la dictadura de Sylvania, país de vieja y reconocida solvencia como agresor. Dos espías de prestigio, Chicolini y Pinky, sirven a Sylvania, lo que no impide que acaben siendo ministros del ahora ya excelentísimo Firefly.', '1933', 'Paramount Pictures'), ('Olimpiada', 'Olympia (Parts 1 & 2)', 'ALEMANIA', 225, 'Documental sobre los Juegos Olímpicos celebrados en la ciudad de Berlín en 1936. Divida en dos partes de 118 y 107 minutos, respectivamente, el atletismo ocupa buena parte de su metraje, incluida la primera parte en su integridad. La segunda incluye imágenes de gimnasia, vela, pentatlón, decatlón, hockey sobre hierba, polo, fútbol, ciclismo, hípica, remo, salto y natación.', '1938', 'Olympia Film GmbH'), ('El mago de Oz', 'The Wizard of Oz', 'ESTADOS UNIDOS DE AMERICA', 98, 'Dorothy, que sueña con viajar más allá del arco iris, ve su deseo hecho realidad cuando un tornado se la lleva con su perrito al mundo de Oz. Pero la aventura sólo acaba de comenzar: tras ofender a la Malvada Bruja del Oeste (Margaret Hamilton), aconsejada por la Bruja Buena del Norte (Billie Burke), la niña se dirige por el Camino Amarillo hacia la Ciudad Esmeralda, donde vive el todopoderoso Mago de Oz, que puede ayudarla a regresar a Kansas. Durante el viaje, se hace amiga del Espantapájaros (Ray Bolger), el Hombre de Hojalata (Jack Haley) y el León Cobarde (Bert Lahr). El Espantapájaros desea un cerebro, el Hombre de Hojalata quiere un corazón, y el León, el coraje que le falta; convencidos de que el Mago también les puede ayudar a ellos, deciden unirse a Dorothy en su odisea hasta la Ciudad Esmeralda.', '1939', 'Metro-Goldwyn-Mayer'), ('Lo que el viento se llevó', 'Gone with the Wind', 'ESTADOS UNIDOS DE AMERICA', 238, 'Georgia, 1861. En la elegante mansión sureña de Tara, vive Scarlett O''Hara (Vivien Leigh), la joven más bella, caprichosa y egoísta de la región. Ella suspira por el amor de Ashley (Leslie Howard), pero él está prometido con su prima, la dulce y bondadosa Melanie (Olivia de Havilland). En la última fiesta antes del estallido de la Guerra de Secesión (1861-1865), Scarlett conoce al cínico y apuesto Rhett Butler (Clark Gable), un vividor arrogante y aventurero, que sólo piensa en sí mismo y que no tiene ninguna intención de participar en la contienda. Lo único que él desea es hacerse rico y conquistar el corazón de la hermosa Scarlett.', '1939', 'Metro-Goldwyn-Mayer'), ('Ciudadano Kane', 'Citizen Kane', 'ESTADOS UNIDOS DE AMERICA', 119, 'Un importante magnate estadounidense, Charles Foster Kane, dueño de una importante cadena de periódicos, de una red de emisoras, de dos sindicatos y de una inimaginable colección de obras de arte, muere en Xanadú, su fabuloso castillo de estilo oriental. La última palabra que pronuncia antes de expirar, ”Rosebud”, cuyo significado es un enigma, despierta una enorme curiosidad tanto en la prensa como entre la población. Así, un grupo de periodistas emprende una investigación para desentrañar el misterio.', '1941', 'RKO'), ('Casablanca', 'Casablanca', 'ESTADOS UNIDOS DE AMERICA', 102, 'Años 40. A consecuencia de la Segunda Guerra Mundial, Casablanca era una ciudad a la que llegaban huyendo del nazismo gente de todas partes: llegar era fácil, pero salir era casi imposible, especialmente si el nombre del fugitivo figuraba en las listas de la Gestapo, que presionaba a la autoridades francesas al mando del corrupto inspector Renault. En este caso, el objetivo de la policía secreta alemana es el líder checo y héroe de la resistencia Victor Laszlo, cuya única esperanza es Rick Blaine, propietario del  ''Rick''s Café'' y antiguo amante de su mujer, Ilsa Lund. Rick e Ilsa se habían conocido en París, pero la entrada de las tropas alemanas en la capital francesa les separó.', '1942', 'Warner Bros.'), ('Iván el Terrible. Parte I ', 'Ivan Groznyy I', 'UNION SOVIETICA', 100, 'Terribles fueron las luchas que Iván IV el Terrible, primer zar de Rusia, tuvo que sostener contra sus enemigos del interior y del exterior para crear un estado fuerte y moderno. En 1547, a los 17 años, Iván es coronado zar en la catedral de Moscú por el patriarca Macario. El apoyo de la Iglesia confirió al acto un prestigio sagrado que sería la base de la autocracia zarista. En el interior, para combatir a los boyardos (la poderosa aristocracia feudal rusa), creó la Oprichnina, milicia muy fiel, gracias a la cual los nobles fueron asesinados o deportados, y sus tierras confiscadas y distribuidas entre los miembros de esta milicia. Nacía así una nueva aristocracia, tanto feudal como de servicio, que sirvió ciegamente al zar y contribuyó a consolidar su poder. Una vez pacificado el país, el zar acometió una política expansionista hacia el sur (conquista de Kazán y Astrakán) y hacia el este (conquista de Siberia). La expansión hacia el norte, cuyo objetivo era encontrar una salida al mar Báltico, fracasó, en cambio, completamente.', '1944', 'Mosfilm'), ('Iván el Terrible. Parte II (La conjura de los boyardos)', 'Ivan Groznyy II: Boyarsky zagovor', 'USSR', 88, 'Rusia, siglo XVI. Segunda parte: Iván el Terrible vuelve a Moscú, donde los boyardos (nobles terratenientes rusos) siguen conspirando contra él y consiguen incluso el apoyo de la tía del Zar, que quiere ver a su hijo (un incapacitado mental) sentado en el trono y convertido en cabeza de la Iglesia rusa, la cual, mientras tanto, acusa a Iván de herejía. Pero el Zar se adelanta al complot urdido contra él y elimina a sus enemigos con astucia y terrible dureza.', '1958', 'Mosfilm'), ('Rashomon', 'Rashomon', 'JAPON', 88, 'Japón, siglo XII. En Kioto, bajo las puertas del derruido templo de Rashomon, se guarecen de la torrencial lluvia un leñador, un sacerdote budista y un peregrino. Los tres discuten sobre el juicio a un bandido, acusado de haber dado muerte a un señor feudal y violado a su esposa. Los detalles del crimen son narrados desde el punto de vista del bandido, de la mujer, del señor feudal -con la ayuda de un médium- y del leñador, único testigo de los hechos.', '1950', 'Daiei Studios'), ('La ley del silencio', 'On the Waterfront', 'ESTADOS UNIDOS DE AMERICA', 108, 'Johnny Friendly (Lee J Cobb), el jefe del sindicato portuario, utiliza métodos mafiosos para controlar y explotar a los estibadores de los muelles neoyorquinos. Terry Malloy (Marlon Brando), un boxeador fracasado que trabaja para él, se ha visto involuntariamente implicado en uno de sus crímenes. Cuando Malloy conoce a Edie Doyle (Eva Marie Saint), la hermana de la víctima, se produce en él una profunda transformación moral que lo lleva a arrepentirse de su vida pasada. A través de Edie conoce al padre Barrie (Karl Malden), que trata de animarlo para que acuda a los tribunales y cuente todo lo que sabe', '1954', 'Columbia Pictures'), ('Lawrence de Arabia', 'Lawrence of Arabia', 'REINO UNIDO', 222, 'El Cairo, 1917. Durante la Gran Guerra (1914-1918), T.E. Lawrence (Peter O''Toole), un conflictivo y enigmático oficial británico, es enviado al desierto para participar en una campaña de apoyo a los árabes contra Turquía. Él y su amigo Sherif Alí (Omar Sharif) pondrán en esta misión toda su alma. Los nativos adoran a Lawrence porque ha demostrado sobradamente ser un amante del desierto y del pueblo árabe. En cambio, sus superiores británicos creen que se ha vuelto loco.', '1962', 'Columbia Pictures'), ('El bueno, el feo y el malo', 'Il buono, il brutto, il cattivo', 'ITALIA', 161, 'Durante la guerra civil norteamericana (1861-1865), tres cazadores de recompensas buscan un tesoro que ninguno de ellos puede encontrar sin la ayuda de los otros dos. Así que colaboran entre sí para conseguir el botín.', '1966', 'Constantin Film'), ('La muerte tenía un precio', 'Per qualche dollaro in più', 'ITALIA', 132, 'Dos cazadores de recompensas que buscan al mismo hombre deciden unir sus fuerzas para encontrarlo, aunque las razones que los mueven son completamente diferentes. Su título original (Per qualche dollaro in più) ya sugiere que es la continuación natural de Por un puñado de dólares (Per un pugno di dollari), dirigida por Leone un año antes.', '1965', 'PEA'), ('Por un puñado de dólares', 'Per un pugno di dollari ', 'ITALIA', 95, 'Tras la muerte de Juárez, en México dominan la injusticia y el terror. Joe (Clint Eastwood), un pistolero vagabundo, llega al pueblo fronterizo de San Miguel, donde dos familias se disputan el control del territorio, y entra al servicio del clan Rojo. Una noche, es testigo del intercambio de oro por armas entre mexicanos y soldados de la Unión. Remake en clave de western de Yojimbo, de Akira Kurosawa.', '1964', 'Constantin Film'), ('La naranja mecánica', 'A Clockwork Orange', 'REINO UNIDO', 137, 'Gran Bretaña, en un futuro indeterminado. Alex (Malcolm McDowell) es un joven muy agresivo que tiene dos pasiones: la violencia desaforada y Beethoven. Es el jefe de la banda de los drugos, que dan rienda suelta a sus instintos más salvajes apaleando, violando y aterrorizando a la población. Cuando esa escalada de terror llega hasta el asesinato, Alex es detenido y, en prisión, se someterá voluntariamente a una innovadora experiencia de reeducación que pretende anular drásticamente cualquier atisbo de conducta antisocial.', '1971', 'Warner Bros.'), ('Espartaco', 'Spartacus', 'ESTADOS UNIDOS DE AMERICA', 196, 'Espartaco era un esclavo tracio que fue vendido como gladiador a Léntulo Batiato. En Italia promovió y dirigió la rebelión de los esclavos (73-71 a.C.) contra la República romana. A medida que recorrían el país, innumerables esclavos se iban sumando a la rebelión. Espartaco intentará llegar con su ejército al sur de Italia para poner rumbo a sus hogares.', '1960', 'Universal Pictures');



INSERT INTO medio (web) VALUES ('www.fotogramas.es'), ('www.elpais.es'), ('www.elmundo.es'), ('www.cinemania.es'), ('www.abc.es'), ('www.sensacine.es'), ('www.superherohype.es'), ('www.boxofficemojo.com'), ('www.rottentomatoes.com'), ('www.lavanguardia.es'), ('www.as.es'), ('www.espinof.com'), ('www.tomatazos.com'), ('www.losinterrogantes.com'), ('www.ecartelera.com');



INSERT INTO personaje (orden, nombre) VALUES ('Principal', 'Bruce Wayne'), ('Principal', 'Batman'), ('Principal', 'Sam'), ('Principal', 'Boromir'), ('Principal', 'Galadriel'), ('Principal', 'Legolas'), ('Principal', 'Gandalf'), ('Principal', 'Elrond'), ('Principal', 'Neo'), ('Principal', 'Morfeo'), ('Principal', 'Oraculo'), ('Principal', 'Cifra'), ('Principal', 'Bane'), ('Principal', 'Comodo'), ('Principal', 'Joker'), ('Principal', 'Arthur Fleck'), ('Principal', 'La novia'), ('Principal', 'Grace'), ('Principal', 'Jules Winnfield'), ('Principal', 'Albus Dumbledore'), ('Principal', 'Profesor McGonagall'), ('Principal', 'Hagrid'), ('Principal', 'Bebe Harry Potter'), ('Principal', 'Tia Petuna Dursley'), ('Principal', 'Dudley Dursley'), ('Principal', 'Tio Vernon Dursley'), ('Secundario', 'Camarero en El Caldero Chorreante'), ('Secundario', 'Profesor Quirrell'), ('Secundario', 'Chico del callejon'), ('Secundario', 'Profesor Flitwick'), ('Secundario', 'Griphook'), ('Secundario', 'Sr. Ollivander'), ('Secundario', 'El innombrable'), ('Secundario', 'Lily Potter'), ('Secundario', 'Señorita Weasley'), ('Secundario', 'Ginny Weasley'), ('Secundario', 'Percy Weasley'), ('Secundario', 'Fred Weasley'), ('Secundario', 'George Weasley'), ('Secundario', 'Ron Weasley'), ('Principal', 'Max'),  ('Principal', 'Jessie'),  ('Principal', 'Jim Goose'),  ('Principal', 'Capitan Gyro'),  ('Principal', 'Pappagallo'),  ('Principal', 'Aunty Entity'),  ('Principal', 'Luke Skywalker'),  ('Principal', 'Han Solo'),  ('Principal', 'Princesa Leia Organa'),  ('Principal', 'Ben Obi-Wan Kenobi'),  ('Secundario', 'Yoda'),  ('Secundario', 'Lando Calrissian'),  ('Principal', 'Qui-Gon Jin'),  ('Principal', 'Anakin Skywalker'),  ('Terciario', 'Senador Bail Organa'),  ('Secundario', 'R2-D2'),  ('Principal', 'Rey'),  ('Principal', 'Finn'), ('Principal', 'Jyn Erso'),  ('Principal', 'Cassian Andor'),  ('Principal', 'Qi''ra'),  ('Principal', 'Marion'),  ('Principal', 'Willie Scott'),  ('Principal', 'Short Round'),  ('Principal', 'Professor Henry Jones'),  ('Principal', 'Mutt Williams'),  ('Principal', 'Harry Potter'),  ('Principal', 'Hermione Granger'),  ('Secundario', 'Gilderoy Lockhart'),  ('Secundario', 'Profesor Lupin'),  ('Secundario', 'Dolores Umbridge'),  ('Secundario', 'Profesor Horacio Slughorn'),  ('Principal', 'Lord Voldemort'),  ('Principal', 'Bellatrix Lestrange'),  ('Principal', 'Dr. Caligari'),  ('Principal', 'Grigory Vakulinchuk'),  ('Principal', 'Rufus T. Firefly'),  ('Principal', 'El Indio'), ('Principal', 'Monco'),  ('Principal', 'Coronel Douglas Mortimer');



INSERT INTO director (pais, fecha_nac, nombre, fecha_def) VALUES ('ESTADOS UNIDOS DE AMERICA', '1939-04-07', 'Coppola, Francis Ford', NULL), ('REINO UNIDO', '1970-07-30', 'Nolan, Christopher', NULL), ('NUEVA ZELANDA', '1961-10-31', 'Jackson, Peter', NULL), ('ESTADOS UNIDOS DE AMERICA', '1963-03-27', 'Tarantino, Quentin', NULL), ('ESTADOS UNIDOS DE AMERICA', '1962-08-28', 'Fincher, David', NULL), ('ESTADOS UNIDOS DE AMERICA', '1951-05-14', 'Zemeckis, Robert', NULL), ('ESTADOS UNIDOS DE AMERICA', '1965-06-21', 'Wachowski, Lana', NULL), ('ESTADOS UNIDOS DE AMERICA', '1967-12-29', 'Wachowski, Lilly', NULL), ('FRANCIA', '1959-01-28', 'Darabont, Frank', NULL), ('ESTADOS UNIDOS DE AMERICA', '1937-11-30', 'Scott, Ridley', NULL), ('ITALIA', '1956-05-27', 'Tornatore, Giuseppe', NULL), ('ESTADOS UNIDOS DE AMERICA', '1970-12-20', 'Phillips, Todd', NULL), ('CANADA', '1954-08-16', 'Cameron, James', NULL), ('ESTADOS UNIDOS DE AMERICA', '1944-02-22', 'Demme, Jonathan', '2017-04-26'), ('REINO UNIDO', '1956-10-20', 'Boyle, Danny', NULL), ('ESTADOS UNIDOS DE AMERICA', '1930-05-31', 'Eastwood, Clint', NULL), ('REINO UNIDO', '1965-08-01', 'Mendes, Sam', NULL), ('INDIA', '1970-08-06', 'Shyamalan, M.Night', NULL), ('FRANCIA', '1953-09-03', 'Jeunet, Jean-Pierre', NULL), ('FRANCIA', '1933-08-18', 'Polanski, Roman', NULL), ('ESPAÑA', '1972-03-31', 'Amenabar, Alejandro', NULL), ('ESTADOS UNIDOS DE AMERICA', '1958-09-10', 'Columbus, Chris', NULL), ('AUSTRALIA', '1945-03-03', 'Miller, George', NULL), 
('AUSTRALIA', '1931-03-05', 'Ogilvie, George', '2020-04-05'), ('ESTADOS UNIDOS DE AMERICA', '1944-05-14', 'Lucas, George', NULL), ('ESTADOS UNIDOS DE AMERICA', '1923-04-29', 'Kershner, Irvin', '2010-11-27'), 
('REINO UNIDO', '1937-09-22', 'Marquand, Richard', '1987-09-04'), ('ESTADOS UNIDOS DE AMERICA', '1966-06-27', 'Abrams, J.J.', NULL), ('ESTADOS UNIDOS DE AMERICA', '1973-12-17', 'Johnson, Rian', NULL), ('REINO UNIDO', '1975-06-01', 'Edwards, Gareth', NULL), 
('ESTADOS UNIDOS DE AMERICA', '1954-03-01', 'Howard, Ron', NULL), ('ESTADOS UNIDOS DE AMERICA', '1946-12-18', 'Spielberg, Steven', NULL), 
('MEXICO', '1961-11-28', 'Cuaron, Alfonso', NULL), 
('REINO UNIDO', '1942-03-28', 'Newell, Mike', NULL), 
('REINO UNIDOS', '1963-10-08', 'Yates, David', NULL), 
('ALEMANIA', '1873-04-24', 'Wiene, Robert', '1938-07-17'), 
('ESTADOS UNIDOS DE AMERICA', '1870-04-21', 'Porter, Edwin Stanton', '1941-004-30'), 
('IMPERIO RUSO', '1898-01-22', 'Eizenshtein, Serguei Mijailovich', '1948-02-11'), 
('ESPAÑA', '1900-02-22', 'Buñuel, Luis', '1983-07-29'), 
('ESTADOS UNIDOS DE AMERICA', '1898-10-03', 'McCarey, Leo', '1969-07-05'), 
('ALEMANIA', '1902-08-22', 'Riefenstahl, Leni', '2003-09-08'), ('ESTADOS UNIDOS DE AMERICA', '1889-02-23', 'Fleming, Victor', '1949-01-06'), 
('ESTADOS UNIDOS DE AMERICA', '1915-05-06', 'Welles, Orson', '1985-10-10'), 
('JAPON', '1910-03-23', 'Kurosawa, Akira', '1998-09-06'), 
('IMPERIO OTOMANO', '1909-09-07', 'Kazan, Elia', '2003-09-28'), ('REINO UNIDO', '1908-03-25', 'Lean, David', '1991-04-16'), ('ITALIA', '1929-01-03', 'Leone, Sergio', '1989-04-30'),
('HUNGRIA', '1886-12-24', 'Curtiz, Michael', '1962-04-10'), ('ESTADOS UNIDOS DE AMERICA', '1928-07-26', 'Kubrick, Stanley', '1928-03-07');



INSERT INTO festival (año, nombre, mejor_pelicula) VALUES ('2002', 'Cannes', 34), ('2002', 'Premios Goya', 35), ('2000', 'Premios Oscar', 16), ('1995', 'Premios Oscar', 11), ('1972', 'Premios Oscar', 2), ('1994', 'Cannes', 9), ('1991', 'Premios Oscar', 26),('1974', 'Premios Oscar', 22),('2004', 'Premios Oscar', 30), ('1999', 'Premios Oscar', 31), ('2003', 'Premios Oscar', 8), ('1977', 'Asociacion de Criticos de los Angeles', 42), ('1940', 'Premios Oscar', 71), ('1941', 'National Board of Review', 72), ('1941', 'Circulo de Criticos de Nueva York', 72), ('1944', 'Premios Oscar', 73), ('1951', 'Festival de Venecia', 76), ('1951', 'National Board of Review', 76), ('1955', 'Premios Oscar', 77), ('1954', 'National Board of Review', 77), ('1957', 'Seminci', 77), ('1963', 'Premios Oscar', 78), ('1971', 'Circulo de Criticos de Nueva York', 82), ('1960', 'Globos de Oro', 83), ('1962', 'Globos de Oro', 78), ('1954', 'Globos de Oro', 77);



INSERT INTO usuario (nombre, apellido, contraseña, edad, email, pais) VALUES ('Maria Luisa', 'Fernandez','Md47hjcH','2004-05-19','mlsantos@hotmail.com','Colombia'), ('Lidia', 'Roca','K7Blsr210','1987-12-30','lB687@yahoo.es','España'), ('Fernando', 'Romay','15fboitdfFDXJ5','1999-03-26','ferclatr98@gmail.com','México'), ('Marco', 'Asensio','ln6kVHm47H','1993-11-01','mAp06i@hotmail.com','Italia'), ('Linghe', 'Liu','jgT86N49f8','2002-09-11','Lhg@gmail.com','China'), ('Tom', 'Hidelston','kD91fV','2005-04-17','fboss@hotmail.com','EEUU'), ('Apinya', 'Alredia','LgS321s1','1980-08-18','Apybb@hotmail.com','Tailandia'), ('Yuri', 'Gagarin','o5G9d3gJ6','1962-01-05','kc45ms@gmail.com','Rusia'), ('Ame', 'Sakura','H9u7D','1997-10-23','atk35k42@gmail.com','Japon'), ('Oleksandra', 'Putin','G54N5','2004-07-15','aDra_10@gmail.com','Ucrania'), ('Luca', 'DiMama','k189h5iJ6N','1977-03-09','Ldom21_co@gmail.com','Italia'), ('Qi', 'Zuaing','Z4kl6jv','2007-09-21','qzhAng97@hotmail.com','China'), ('Paithoon', 'Triklis','3Mf65gh7F','1990-12-30','Pthoon26_photmail.com','Tailandia'), ('Paris', 'DeGaulle','JP56fH156g','2003-03-13','Fkb_87@hotmail.com','Francia'), ('Jaemin', 'JongIll','7Jf49bFG','2005-04-05','Kjae45@gmail.com','Corea del Sur'), ('Lucas', 'Marinero','k18665iJ6N','1997-03-09','lucas21_co@gmail.com','España'), ('Qio', 'Puquio','Z4kld56jv','2003-09-24','queso@hotmail.com','Butan'), ('Python', 'Armenico','3Mf655gh7F','1996-12-30','cobra_photmail.com','Japon'), ('Parisino', 'Espagnolo','4446gf','2001-03-13','par_fra_87@hotmail.com','Francia'), ('Segismunda', 'Aprovechosa','7J999bFG','2000-04-05','lider_te_alabo@gmail.com','Corea del Norte'), ('Pedro', 'Lopez','ksjafdl','2003-05-19','pedLo@hotmail.com','España'), ('Silvester', 'Annus','42343234','2001-06-29','silAn@hotmail.com','Estados Unidos de America'), ('Sergei', 'Vilna','453k5l','2000-02-19','sv@hotmail.com','Ucrania'), ('Oleocranon', 'Diaz','1234546','2000-01-10','oleo@hotmail.com','España'), ('Pierluigi', 'Colina','123456trfg','1999-02-18','pc@hotmail.com','Italia'), ('Isidora', 'Jimenez','isi234243','1997-02-11','isiJ@gmail.com','España'), ('Luiz', 'Fernandez','sdkj111','1983-05-19','lusfer@gmail.com','España'), ('Monica', 'Arroba','mon1234','2004-05-19','monarr@gmail.com','España'), ('Guzman', 'Fernandez','1234jsk','1980-05-23','guz@gmail.com','España'), ('Jose', 'Tudor','jos333','1987-03-19','josTud@gmail.com','España'), ('Luis', 'Lopez','123456','1991-06-19','luislo@hotmail.com','España'), ('Margarita', 'Rosales','987656','1990-05-19','marga@yahoo.com','España'), ('Pedro', 'Cerolo','passwd33','2002-01-10','percer@yahoo.com','España'), ('Pedro', 'Sanchez','pass8989','2004-05-19','presi@yahoo.com','España'), ('Marta', 'Sanchez','contra1234','2001-05-09','marsan@yahoo.com','España'), ('Natalia', 'Berbeke','contra98765','2001-06-12','natber@yahoo.com','España'), ('Segundo', 'Del Prado','cmvxnmvx','2001-02-12','segpra@yahoo.com','España');



INSERT INTO tiene VALUES ('Drama', 1), ('Drama', 2), ('Accion', 3), ('Accion', 4), ('Accion', 5), ('Aventuras', 6), ('Aventuras', 7), ('Aventuras', 8), ('Thriller', 9), ('Cine Negro', 9), ('Comedia', 9), ('Drama', 10), ('Thriller', 10), ('Cine Negro', 10), ('Drama', 11), ('Ciencia Ficcion', 12), ('Accion', 12), ('Thriller', 12), ('Ciencia Ficcion', 13), ('Accion', 13), ('Thriller', 13), ('Ciencia Ficcion', 14), ('Accion', 14), ('Thriller', 14), ('Drama', 15), ('Fantastico', 15), ('Drama', 16), ('Intriga', 16), ('Drama', 17), ('Comedia', 17), ('Drama', 18), ('Ciencia Ficcion', 19), ('Accion', 24), ('Thriller', 26), ('Thriller', 27), ('Thriller', 28), ('Drama', 29), ('Drama', 22), ('Drama', 23), ('Accion', 25), ('Drama', 30), ('Drama', 31), ('Intriga', 32), ('Terror', 32), ('Comedia', 33), ('Belico', 34), ('Terror', 35), ('Thriller', 36), ('Drama', 37), ('Fantastico', 38), ('Accion', 39), ('Road Movie', 39), ('Ciencia Ficcion', 39), ('Policiaca', 39), ('Pelicula de culto', 39), ('Accion', 40), ('Road Movie', 40), ('Ciencia Ficcion', 40), ('Policiaca', 40), ('Pelicula de culto', 40), ('Accion', 41), ('Road Movie', 41), ('Ciencia Ficcion', 41), ('Policiaca', 41), ('Pelicula de culto', 41), ('Ciencia Ficcion', 42), ('Aventuras', 42), ('Pelicula de culto', 42), ('Ciencia Ficcion', 43), ('Aventuras', 43), ('Pelicula de culto', 43), ('Ciencia Ficcion', 44), ('Aventuras', 44), ('Pelicula de culto', 44), ('Ciencia Ficcion', 45), ('Aventuras', 45), ('Pelicula de culto', 45), ('Ciencia Ficcion', 46), ('Aventuras', 46), ('Pelicula de culto', 46), ('Ciencia Ficcion', 47), ('Aventuras', 47), ('Pelicula de culto', 47), ('Ciencia Ficcion', 48), ('Aventuras', 48), ('Pelicula de culto', 48), ('Ciencia Ficcion', 49), ('Aventuras', 49), ('Pelicula de culto', 49), ('Ciencia Ficcion', 50), ('Aventuras', 50), ('Pelicula de culto', 50), ('Ciencia Ficcion', 51), ('Aventuras', 51), ('Pelicula de culto', 51), ('Ciencia Ficcion', 52), ('Aventuras', 52), ('Pelicula de culto', 52), ('Aventuras', 53), ('Accion', 53), ('Aventuras', 54), ('Accion', 54), ('Aventuras', 55), ('Accion', 55), ('Aventuras', 56), ('Accion', 56), ('Ciencia Ficcion', 56), ('Fantastico', 57), ('Aventuras', 57), ('Infantil', 57), ('Fantastico', 58), ('Aventuras', 58), ('Infantil', 58), ('Fantastico', 59), ('Aventuras', 59), ('Infantil', 59), ('Fantastico', 60), ('Aventuras', 60), ('Infantil', 60), ('Fantastico', 61), ('Aventuras', 61), ('Infantil', 61), ('Fantastico', 62), ('Aventuras', 62), ('Infantil', 62), ('Fantastico', 63), ('Aventuras', 63), ('Infantil', 63), ('Terror', 64), ('Cine mudo', 64), ('Pelicula de culto', 64), ('Cortometraje', 65), ('Western', 65), ('Drama', 66), ('Historica', 66), ('Cine mudo', 66), ('Cortometraje', 67), ('Pelicula de culto', 67), ('Cine mudo', 67), ('Drama', 67), ('Comedia', 68), ('Musical', 68), ('Documental', 69), ('Propagandistico', 69), ('Propagandistico', 66), ('Fantastico', 70), ('Musical', 70), ('Aventuras', 70), ('Pelicula de culto', 70), ('Drama', 71), ('Romance', 71), ('Aventuras', 71), ('Belico', 71), ('Drama', 72), ('Pelicula de culto', 72), ('Drama', 73), ('Romance', 73), ('Belico', 73), ('Drama', 74), ('Biografico', 74), ('Drama', 75), ('Biografico', 75), ('Intriga', 76), ('Drama', 76), ('Crimen', 76), ('Pelicula de culto', 76), ('Drama', 77), ('Aventuras', 78), ('Drama', 78), ('Biografico', 78), ('Belico', 78), ('Historica', 78), ('Western', 79), ('Pelicula de culto', 79), ('Western', 80), ('Pelicula de culto', 80), ('Western', 81), ('Pelicula de culto', 81), ('Drama', 82), ('Crimen', 82), ('Thriller', 82), ('Pelicula de culto', 82), ('Aventuras', 83), ('Accion', 83), ('Drama', 83), ('Historica', 83), ('Biografico', 83);



INSERT INTO creada_con_1 VALUES (1, 9), (2, 9), (3, 42), (4, 41), (5, 8), (6, 40), (7, 39), (8, 34), (9, 32), (10, 33), (11, 36), (12, 37), (13, 4), (14, 6), (15, 6), (16, 6), (17, 2), (15, 44), (41, 45), (42, 46), (43, 47), (44, 48), (45, 49), (46, 50), (47, 51), (48, 52), (49, 53), (50, 54), (51, 55), (52, 56), (53, 57), (54, 59), (50, 58), (55, 61), (56, 62), (57, 63), (58, 64), (59, 65), (60, 66), (61, 68), (62, 69), (63, 70), (64, 71), (65, 72), (66, 73), (67, 74), (68, 76), (69, 78), (70, 79), (71, 81), (72, 82), (73, 83), (74, 84), (75, 85), (76, 87), (78, 90), (79, 91), (80, 92);



INSERT INTO creada_con_2 VALUES (1, 3), (2, 3), (3, 6), (4, 6), (5, 6), (6, 6), (7, 6), (8, 6), (9, 12), (10, 12), (11, 12), (12, 12), (13, 5), (14, 16), (15, 18), (16, 18), (17, 24), (18, 38), (19, 38), (20, 38), (21, 38), (22, 38), (23, 38), (24, 38), (25, 38), (1, 4), (1, 5), (2, 4), (2, 5), (3, 7), (3, 8), (4, 7), (4, 8), (5, 7), (5, 8), (6, 7), (6, 8), (7, 7), (7, 8), (8, 7), (8, 8), (9, 13), (9, 14), (10, 13), (10, 14), (11, 13), (11, 14), (12, 13), (12, 14), (17, 25), (15, 4), (41, 39), (41, 40), (41, 41), (42, 39), (43, 39), (44, 40), (45, 40), (46, 41), (47, 42), (47, 43), (47, 44), (48, 43), (48, 44), (48, 42), (49, 42), (49, 43), (49, 44), (50, 42), (50, 43), (50, 44), (51, 42), (51, 43), (51, 44), (52, 42), (52, 43), (52, 44), (56, 42), (56, 43), (56, 44), (56, 45), (56, 46), (56, 47), (56, 49), (56, 50), (56, 51), (53, 45), (53, 46), (53, 47), (54, 45), (54, 46), (54, 47), (55, 47), (49, 47), (49, 49), (49, 48), (49, 50), (49, 51), (57, 49), (57, 50), (57, 51), (58, 49), (58, 50), (58, 51), (60, 48), (61, 52), (62, 53), (63, 54), (64, 54), (65, 55), (66, 56), (67, 57), (68, 57), (68, 58), (68, 59), (68, 60), (68, 61), (68, 62), (68, 63), (69, 57), (69, 58), (69, 59), (69, 60), (69, 61), (69, 62), (69, 63), (70, 58), (71, 60), (72, 61), (72, 62), (73, 38), (73, 57), (73, 59), (73, 60), (73, 61), (73, 62), (73, 63), (74, 60), (75, 64), (74, 61), (74, 62), (74, 63), (76, 66), (77, 68), (78, 79), (79, 79), (79, 80), (79, 81), (50, 45), (50, 46), (50, 47);



INSERT INTO dirigida VALUES (9, 1), (1, 2), (2, 3), (2, 4), (2, 5), (3, 6), (3, 7), (3, 8), (4, 9), (5, 10), (6, 11), (7, 12), (8, 12), (7, 13), (8,13), (7, 14), (8, 14), (9, 15), (10, 16), (11, 17), (12, 18), (10, 19), (13, 20), (5, 21), (1, 22), (1, 23), (4, 24), (4, 25), (14, 26), (10, 27), (5, 28), (15, 29), (16, 30), (17, 31), (18, 32), (19, 33), (20, 34), (21, 35), (2, 36), (16, 37), (22, 38), (23, 39), (23, 40), (24, 41), (23, 41), (25, 42), (26, 43), (27, 44), (25, 45), (25, 46), (25, 47), (30, 48), (28, 49), (29, 50), (28, 51), (31, 52), (32, 53), (32, 54), (32, 55), (32, 56), (22, 57), (33, 58), (34, 59), (35, 60), (35, 61), (35, 62), (35, 63), (36, 64), (37, 65), (38, 66), (39, 67), (40, 68), (41, 69), (42, 70), (43, 72), (42, 71), (44, 76), (45, 77), (46, 78), (47, 79), (47, 80), (47, 81), (38, 74), (38, 75), (49, 82), (48, 73), (49, 83);



INSERT INTO critica_profesional (contenido, autor, medio, obra_cine) VALUES ('Estamos ante una rompedora comedia con todo tipo de temáticas y un sin fin de momentos para el recuerdo.', 'Victor G.', 1, 2), ('Deja que desear esta comedia, ya que la trama de amor embarra lo que es lo principal.Soberbia.', 'Nader A.', 1, 3), ('La mejor versión de miedo actualizada hasta la fecha, es conmovedora y espeluznante.Maravillosa.', 'Sara L.', 1, 1), ('Diseñado para atrapar tanto el ojo como el cerebro, de otro planeta.', 'Rodrigo S.', 1, 4), ('Estéticamente es una película muy lograda y con decisiones de puesta en escena muy inteligentes.Maravillosa.', 'Fernanda A.', 2, 5), ('Hay ciertas películas que durante su visionado parecen fragmentarse, dividiéndose en varias películas más tan diferentes entre sí que no acaban de convencer en el resultado final.', 'Judit L.', 2, 6), ('Estoy de acuerdo en que es la película que Hitchcock nunca realizó, aunque el mago del suspense no hubiera insertado tanto humor.', 'Alicia H.', 2, 7), ('El personaje principal solamente busca su particular independencia sin importarle un ápice la poca integridad que tiene.', 'Miriam L.', 2, 8), ('Al igual que el FBI, yo siempre sospecho psicóticamente de Clint Eastwood, siempre le busco las trampas a sus películas y con frecuencia aparecen.', 'Juanjo A.', 3, 26), ('No tiene ni pies ni cabeza esta trama de amor, se enreda la personalidad del personaje.', 'Paula D.', 3, 10), ('Hacen un resumen de todas las historias de Batman y después es un conjunto de historias, cortos que tienen que ver con la muerte y muchos de los personajes no tienen nada que ver con Batman. Soberbia.', 'Pedro J.', 3, 11), ('Es maravillosa la visión futurista que se realiza y sobre el contexto que se ha plasmado.', 'José J.', 3, 12), ('No tiene personalidad, es muy similar a la última vista en la gran pantalla, le falta carácter propio.', 'Monica H.', 4, 13), ('Flojo, austero, previsible y decepcionante western de corte televisivo, que sólo cobra fuerza y sentido gracias a la interpretación de Ed Harris.', 'Jaime Z.', 4, 14), ('Aunque recordaba haberla visto, el siglo pasado, en un ciclo en la 2, su revisión me ha resultado de lo más sorprendente y gratificante. Soberbia.', 'Quinto S.', 4, 18), ('Más que interesante película que se puede valorar más allá de esa maravillosa proeza de un único plano secuencia, porque la historia es interesante y el plantel de intérpretes está soberbio.', 'Ferdin P.', 4, 13), ('La película es un punto y aparte en Marvel, ni es buena, pero tampoco es mala. Porque sería un punto medio.', 'Zacarias T.', 5, 3), ('Lo que me he encontrado no me lo imaginaba ni por asombro: la película aburre, estás deseando que termine cuanto antes para pasar a otra cosa.', 'Casimiro R.', 5, 18), ('Cuando uno tiene la intención de ver una comedia espera echarse unas risas, sea con el estilo de humor que sea, pero lo importante es que cuando la película termine sea con una sonrisa en la boca. Maravillosa.', 'Michael M.', 5, 19), ('Creo que es la primera película de Marvel que hacen referencia, aunque sea en modo chiste, a personajes de DC, en concreto a Batman, y su eterno mayordomo Alfred, y Superman.', 'Caty J.', 5, 20), ('La chica puede que no sepa mucho sobre química, pero en la cama sus reacciones son estupendas.', 'Barak .O', 6, 21), ('Esto sí es lo que entiendo como una secuela-homenaje de una película de éxito de los 80-90 del siglo pasado.', 'Susi G.', 6, 22), ('Es una película rara en el mejor sentido, arriesgada, que capta el espíritu de aquel señor que lo sabía todo de la naturaleza humana.', 'Carlos B.', 6, 35), ('Hay estilo en la narración de Antoine Barraud y unas gotas de incertidumbre en las pocas frases que se dicen.', 'Javier O.', 6, 24), ('El ‘thriller’ no acaba de fluir tras el prólogo, que da paso a un largo ‘flashback’ que ocupa casi todo el metraje', 'Nacho V.', 7, 19), ('La ópera prima de David Casademunt es un cuento tenebroso que no acaba de resolver su mezcla de terror folclórico, locura y el mito de David contra Goliat. Soberbia', 'Elsa N.', 7, 36), ('De una sinceridad aplastante, noble, en el fondo muy elemental, este filme georgiano está narrado como un cuento para niños, aunque no lo sea.', 'Elvira P.', 7, 24), ('Este largometraje conlleva un evidente interés por la historia real, aunque deja la sensación de no enseñar nada particularmente sugestivo en lo cinematográfico.Maravillosa', 'Agustín R.', 7, 38), ('La maestría de Schrader, al escoger una tragedia reciente de nuestro tiempo para después llevarla a unos ambientes insólitos, no tiene parangón.Soberbia.', 'Yasmin F.', 8, 29), ('El actor muestra su relación con su tía bisabuela a partir de una serie de entrevistas a sí mismo en las que explica, valora, ríe, llora y se conmueve. Soberbia.', 'Lucia R.', 8, 2), ('El filme es puro clímax bajo una grandilocuente banda sonora que no cesa ni un instante y sin un hilo conductor claro.Maravillosa.', 'Dolores A.', 8, 5), ('Esta parodia del odio a las fiestas mezcla, con gracia y oficio, trineos, turrones y belenes vivientes.', 'Arguiñano S.', 8, 17), ('Se agradece el carácter imprevisible de la película y sus giros tonales, pero descarrila en el contenido de sus propuestas.', 'Dimitri S.', 9, 33), ('Vi la primera película de niño. No me fascinó en su momento ni en posteriores revisiones, pero me enamoré de la partitura de Leonard Bernstein, Spielberg aporta ahora muchas ganas y una factura impecable.Soberbia.', 'Josue S.', 9, 14), ('El multiverso ha ido abriendo unas inmensas posibilidades narrativas a partir de la mezcla de su infinidad de personajes y de historias, como en este caso', 'Falete R.', 9, 8), ('Este nuevo intento por mostrar el choque entre el mundo rural atávico y el progreso a través de un enfrentamiento por la supervivencia de una laguna se queda en nada.', 'Zapatero J.', 10, 33), ('En cuanto a la época esta mas que adaptado, pero su historia es de otra galaxia. Soberbia.', 'Tatiana Z.', 10, 12), ('Hacía tiempo que no sentía el amor como lo he vivido en esta pelicula, sin palabras, maravillosa.', 'Perico P.', 10, 30), ('La pelicula de ciencia ficción más llamativa de los últimos años, los personajes están muy bien ambientados a la par que modernizados.Soberbia.', 'Jesús V.', 10, 25), ('Ha sido único lo que acabo de presenciar, nunca viví con tanta emoción una comedia.', 'Roberto E.', 1, 20), ('un clasico que debes ver, soberbia', 'Victor G.', 1, 72), ('un clasico que debes ver si o si, maravillosa', 'Nader A.', 1, 73), ('no mueras sin verla es soberbia', 'Sara L.', 1, 71), ('personaje mitico de la historia, maravillosa', 'Rodrigo S.', 1, 74), ('ivan vuelve para imponerse a los boyardos, soberbia', 'Fernanda A.', 2, 75), ('mitica y maravillosa', 'Judit L.', 2, 76), ('tema actual', 'Alicia H.', 2, 77), ('nadie pudo con el, soberbia', 'Miriam L.', 2, 78), ('la guerra fielmente retratada, soberbia', 'Juanjo A.', 3, 66), ('buena continuacion de la saga', 'Paula D.', 3, 60), ('merece la pena verla', 'Pedro J.', 3, 61), ('esto se pone calentito', 'José J.', 3, 62), ('gran final, maravillosa', 'Monica H.', 4, 63), ('cuanta imaginacion', 'Antonio B.', 4, 64), ('te desternillaras', 'Quinto S.', 4, 68), ('final de saga decepcionante', 'Ferdin P.', 4, 63), ('para los aventureros', 'Eleonor A.', 5, 53), ('casi miro pero no veo nada decente', 'Casimiro R.', 5, 58), ('vaya desastre', 'Michael M.', 5, 59), ('ya cansan...', 'Caty J.', 5, 50), ('vaya hartura de saga', 'Barak .O', 6, 51), ('ni te molestes', 'Susi G.', 6, 52), ('pero que es esto?...', 'Carlos B.', 6, 55), ('las segundas partes...', 'Javier O.', 6, 54), ('fiel al libro', 'Nacho V.', 7, 59), ('las segundas partes nunca...', 'Elsa N.', 7, 46), ('gran final de trilogia, maravillosa', 'Elvira P.', 7, 44), ('para recaudar dinero', 'Agustín R.', 7, 48), ('vuelven, pero por todo lo bajo', 'Yasmin F.', 8, 49), ('marco un hito, maravillosa', 'Lucia R.', 8, 42), ('han vuelto, pero a medias', 'Dolores A.', 8, 45), ('ni la veas', 'Arguiñano S.', 8, 47), ('una buena segunda parte', 'Dimitri S.', 9, 43), ('para llorar, soberbia', 'Josue S.', 9, 34), ('convence', 'Falete R.', 9, 38), ('nunca la olvidaremos, soberbia', 'Zapatero J.', 10, 53), ('autentico cine de culto, maravillosa', 'Tatiana Z.', 10, 82), ('cine de culto, spaguetti western, soberbia', 'Perico P.', 10, 80), ('leete el libro, no vayas al cine', 'Jesús V.', 10, 59), ('como generar dinero con un desastre', 'Roberto E.', 1, 59);



INSERT INTO secuelas (obra_cine, saga, orden, num_pelis) VALUES (2, 'El Padrino', 1, 3), (22, 'El Padrino', 2, 3), (23, 'El Padrino', 3, 3), (3, 'Batman', 1, 3), (4, 'Batman', 2, 3), (5, 'Batman', 3, 3), (6, 'El señor de los anillos', 1, 3), (7, 'El señor de los anillos', 2, 3), (8, 'El señor de los anillos', 3, 3), (12, 'Matrix', 1, 3), (13, 'Matrix', 2, 3), (14, 'Matrix', 3, 3), (19, 'Alien', 1, 3), (20, 'Alien', 2, 3), (21, 'Alien', 3, 3), (24, 'Kill Bill', 1, 2), (25, 'Kill Bill', 2, 2), (38, 'Harry Potter', 1, 8), (57, 'Harry Potter', 2, 8), (58, 'Harry Potter', 3, 8), (59, 'Harry Potter', 4, 8), (60, 'Harry Potter', 5, 8), (61, 'Harry Potter', 6, 8), (62, 'Harry Potter', 7, 8), (63, 'Harry Potter', 8, 8), (53, 'Indiana Jones', 1, 4), (54, 'Indiana Jones', 2, 4), (55, 'Indiana Jones', 3, 4), (56, 'Indiana Jones', 4, 4), (74, 'Ivan el Terrible', 1, 2), (75, 'Ivan el Terrible', 2, 2), (79, 'Trilogia del Dolar', 1, 3), (80, 'Trilogia del Dolar', 2, 3), (81, 'Trilogia del Dolar', 3, 3), (39, 'Mad Max', 1, 3), (40, 'Mad Max', 2, 3), (41, 'Mad Max', 3, 3), (42, 'Star Wars', 4, 9), (43, 'Star Wars', 5, 9), (44, 'Star Wars', 6, 9), (45, 'Star Wars', 1, 9), (46, 'Star Wars', 2, 9), (47, 'Star Wars', 3, 9), (48, 'Star Wars', 0, 9), (49, 'Star Wars', 7, 9), (50, 'Star Wars', 8, 9), (51, 'Star Wars', 9, 9), (52, 'Star Wars', 0, 9);



INSERT INTO critica (obra_cine, usuario, critica) VALUES ( 1, 1,'con Morgan Freeman qué puede salir mal?, para no ser muy de mi estilo estubo bastante bien, la recomiendo que la vean :D. '),( 2, 4,'La mafia siempre triunfa, una muy buena película. La podriamos clasificar como un clasico del cine, un indispensable en la lista de películas que ver.'),( 3, 7, 'Ésta parte es de las que mas me gusta de la saga, y tener como villano de la peli a Nial Neeson (Ras Al Ghul) es una maravilla jeje.'),( 4, 14,'Me gustó mas la 1ª peli, pero no esta mal, aceptable.'),( 5, 5,'Una fotográfia y efectos especiales bastante buenos :) '),( 6, 6,'Esta es la 7ª vez que la veo y no me canso de ella es una de mis películas fav; la actuacion de Viggo Mortensen es de 10 e Ian Mcklein una maravilla todo lo que hace, en ésta película no iba a ser menos :D '),( 7, 13,'Ésta me gustó algo menos que las otras películas de la saga, pero en general,como todas las pelis de la saga, en su conjunto están bastante biien. recomiendo que se hagan maraton de la saga, será tiempo bien invertido XD '),( 8, 11,'nunca habia visto una peli de esta saga y elegí esta al azar, para mi gusto es una peli algo larga pero no ha estado mal :) '),( 9, 19,'Una de las películas de culto de Quentin Tarantino, una delicia de pelicula. Mucha accion y sangre, en pocas palabras me a flipado la actuacion de John Travolta y Samuel L. Jackson'),( 10, 11,'Una película bastante fiosófica, me gusta la forma en la que analizan y critican la sociedad consumista en la que vivivos'),( 12, 11,'Me ha encantado los efectos especiales que están genial para la época. Un flipe de pelii jajaja'),(13, 11,'sinceramente como la primera entrega no hay nada que le haga justicia, pero bueno dentro de lo que cabe no es horrible. Recomiendo verse antes la primeraentrega'),( 14, 11,'No me ha entusiasmado -.- '),(15, 14,'Es la segunda vez que la veo y sigue emocionandome, Tom Hanks y Michael Clacker una pasada. :D'),(16, 15 ,'Si te gustan las peículas de gladiadores, temas que tienen que ver con la antiüa Roma ésta es tu film. Tiene muy buena fotografia y efectos, entre otras cosas. Si teneis tiempo ver la :)) '),(17, 2,'Es una bonita reflexión sobre el asombro infantil (todo es siempre más luminoso, bonito desde la mirada de un niño) y también sobre los anhelos adolescentes; el amor al cine y en el cine, no hay duda que esta es la película por excelencia.'),(18, 11, 'Joaquin Phoenix esta espectacular en la pantalla grande reencarnando al Jocker, un personaje bastante complicado de entender y hacer como hemos visto en las peliculas de batman. Al protagonista le suceden una serie de trágicos sucesos que harán que su visión del mundo se distorsione considerablemente convirtiéndolo en un brillante criminal. Es una vision del mundo, de la sociedad bastante acertada; aunque obviamente está llevada al extremo. Recomendadisima para un dia de palomitas, manta y peli >.< '),(19, 4, 'Sigourney Weaver, una de mis actrices favoritas del mundo mundial, no së cuantas veces he podido llegar a ver este filme, pero es increible para ser del 1979, de todas las peliculas que hay de alien, alien vs predator. La de Alien el Octavo pasajero es la que mas me gusta. Las peliculas posteriores como que han perdido fuelle.'),(20, 17,'Esta segunda parte con Sigourney Weaver a la cabeza del reparto principal no está nada mal, pero como la primera parte no la supera ninguna otra jajja. pero igualmete recomiendo ver mucho ésta 2º parte de Alien y sobretodo la 1ª parte (El octavo pasajero). pero recordar que las películas no están en el orden correcto según los estrenos de las películas como Star Wars'),(21, 8,'Un pasote, aunque los bichos dan mucho asco pa película en sí esta bastante bn, muy currada.'), (1, 2, 'Obra maestra entre obras maestras, debes verla, YA!');



INSERT INTO likes VALUES (1, 1), (1, 2), (2, 1), (2, 2), (3, 2), (3, 3), (4, 1), (4, 4), (5, 1), (5, 2), (6, 1), (6, 2), (7, 1), (7, 6), (8, 2), (8, 4), (9, 1), (9, 2), (10, 2), (10, 3), (11, 2), (11, 1), (12, 1), (12, 5), (13, 2);



INSERT INTO evaluacion (evaluacion, obra_cine, usuario) VALUES (7, 1, 1), (7, 1, 2), (8, 2, 1), (9, 2, 2), (4, 3, 2), (6, 3, 3), (7, 4, 1), (3, 4, 4), (5, 5, 1), (7, 5, 2), (8.5, 6, 1), (7.7, 6, 2), (8.8, 7, 1), (9.9, 7, 6), (3.3, 8, 2), (4.4, 8, 4), (5.5, 9, 1), (6.6, 9, 2), (2.2, 10, 2), (1.1, 10, 3), (5, 11, 2), (6, 11, 1), (7, 12, 1), (8, 12, 5), (4, 13, 2);



/* INDISPENSABLES??????? */
update director set fecha_def = '1999-03-07' where nombre like 'Kubrick, Stanley';
INSERT INTO tiene VALUES ('Ciencia Ficcion', 20), ('Ciencia Ficcion', 21), ('Aventuras', 38);
